,标识符,机型,始发地,出发,到达
0,CSZ9540,B738,Taiyuan Wusu (TYN / ZBYN),Thu 12:34PM CST,Thu 02:17PM CST
1,CES2906,A321,Chengdu Shuangliu Int'l (CTU / ZUUU),Thu 12:12PM CST,Thu 02:15PM CST
2,CES2712,A320,Xiamen Gaoqi Int'l (XMN / ZSAM),Thu 12:40PM CST,Thu 02:06PM CST
3,DKH1846,A321,Chongqing Jiangbei Int'l (CKG / ZUCK),Thu 12:12PM CST,Thu 01:52PM CST
4,CES2958,A320,Chongqing Jiangbei Int'l (CKG / ZUCK),Thu 11:44AM CST,Thu 01:35PM CST
5,CSZ9530,B738,Zhuhai Int'l (ZUH / ZGSD),Thu 11:20AM CST,Thu 01:30PM CST
6,CES2768,A320,Beijing Daxing International Airport (PKX / ZBAD),Thu 11:51AM CST,Thu 01:26PM CST
7,CSC3051,A320,Luzhou (LZO / ZULZ),Thu 11:08AM CST,Thu 01:21PM CST
8,CSZ9819,B738,Guangzhou Baiyun Int'l (CAN / ZGGG),Thu 11:27AM CST,Thu 01:18PM CST
9,CSZ9803,B738,Shenzhen Bao'an Int'l (SZX / ZGSZ),Thu 11:04AM CST,Thu 01:03PM CST
10,JYH1071,B738,Guiyang Longdongbao (KWE / ZUGY),Thu 10:05AM CST,Thu 01:01PM CST
11,EPA6217,B738,Shenzhen Bao'an Int'l (SZX / ZGSZ),Thu 10:40AM CST,Thu 12:48PM CST
12,CES2956,A321,Xi'an Xianyang Int'l (XIY / ZLXY),Thu 10:41AM CST,Thu 12:16PM CST
13,CDC8035,A320,Guiyang Longdongbao (KWE / ZUGY),Thu 10:20AM CST,Thu 12:12PM CST
14,CSZ9546,A320,Chengdu Shuangliu Int'l (CTU / ZUUU),Thu 10:06AM CST,Thu 12:08PM CST
15,OTC7147,A321,Kunming Changshui Int'l (KMG / ZPPP),Thu 09:46AM CST,Thu 11:59AM CST
16,CSZ9823,B738,Guangzhou Baiyun Int'l (CAN / ZGGG),Thu 10:09AM CST,Thu 11:55AM CST
17,RLH6541,B733,Kunming Changshui Int'l (KMG / ZPPP),Thu 09:30AM CST,Thu 11:40AM CST
18,CSZ8124,B738,Changsha Huanghua Int'l (CSX / ZGHA),Thu 10:19AM CST,Thu 11:36AM CST
19,DKH1862,A321,Fuzhou Changle Int'l (FOC / ZSFZ),Thu 10:21AM CST,Thu 11:31AM CST
20,CES2996,A320,Kunming Changshui Int'l (KMG / ZPPP),Thu 08:52AM CST,Thu 11:09AM CST
21,DKH1853,A20N,Qingdao Liuting Int'l (TAO / ZSQD),Thu 09:55AM CST,Thu 11:05AM CST
22,CSZ9805,B738,Shenzhen Bao'an Int'l (SZX / ZGSZ),Thu 08:58AM CST,Thu 11:04AM CST
23,CSZ9821,B738,Guangzhou Baiyun Int'l (CAN / ZGGG),Thu 08:58AM CST,Thu 10:48AM CST
24,CES2862,A321,Beijing Daxing International Airport (PKX / ZBAD),Thu 09:10AM CST,Thu 10:34AM CST
25,DKH1908,A321,Harbin Taiping Int'l (HRB / ZYHB),Thu 07:42AM CST,Thu 10:20AM CST
26,CSC8623,A330,Chengdu Shuangliu Int'l (CTU / ZUUU),Thu 07:51AM CST,Thu 09:48AM CST
27,CSZ8506,A320,Quanzhou Jinjiang (JJN / ZSQZ),Thu 08:15AM CST,Thu 09:41AM CST
28,CSZ9801,B738,Shenzhen Bao'an Int'l (SZX / ZGSZ),Thu 07:29AM CST,Thu 09:36AM CST
29,CES2933,A320,Dalian Zhoushuizi Int'l (DLC / ZYTL),Thu 07:56AM CST,Thu 09:31AM CST
30,CSZ8205,A320,Xi'an Xianyang Int'l (XIY / ZLXY),Thu 07:45AM CST,Thu 09:26AM CST
31,JYH1023,B738,Guangzhou Baiyun Int'l (CAN / ZGGG),Thu 07:06AM CST,Thu 08:54AM CST
32,CSZ9157,B738,Beijing Capital Int'l (PEK / ZBAA),Thu 06:37AM CST,Thu 08:08AM CST
33,CSC8949,A321,Chongqing Jiangbei Int'l (CKG / ZUCK),Thu 06:20AM CST,Thu 08:02AM CST
34,JYH1023,B738,Guangzhou Baiyun Int'l (CAN / ZGGG),Thu 07:06AM CST,Thu 08:54AM CST
35,CSZ9157,B738,Beijing Capital Int'l (PEK / ZBAA),Thu 06:37AM CST,Thu 08:08AM CST
36,CSC8949,A321,Chongqing Jiangbei Int'l (CKG / ZUCK),Thu 06:20AM CST,Thu 08:02AM CST
37,CES2966,A321,Changsha Huanghua Int'l (CSX / ZGHA),Thu 12:20AM CST,Thu 02:38AM CST
38,GTI543,B744,Incheon Int'l (ICN / RKSI),Thu 01:25AM KST,Thu 02:20AM CST
39,CES2978,A321,Shenzhen Bao'an Int'l (SZX / ZGSZ),Wed 11:49PM CST,Thu 01:50AM CST
40,CES2908,A321,Guangzhou Baiyun Int'l (CAN / ZGGG),Wed 11:02PM CST,Thu 12:42AM CST
41,CSZ9817,B738,Shenzhen Bao'an Int'l (SZX / ZGSZ),Wed 10:29PM CST,Thu 12:24AM CST
42,CSZ9831,B738,Guangzhou Baiyun Int'l (CAN / ZGGG),Wed 10:38PM CST,Thu 12:20AM CST
43,CSZ9544,B738,Chengdu Shuangliu Int'l (CTU / ZUUU),Wed 09:48PM CST,Wed 11:55PM CST
44,CES2968,A320,Xi'an Xianyang Int'l (XIY / ZLXY),Wed 10:17PM CST,Wed 11:54PM CST
45,CES2988,A320,Chongqing Jiangbei Int'l (CKG / ZUCK),Wed 10:08PM CST,Wed 11:48PM CST
46,OTC7234,A320,Lijiang (LJG / ZPLJ),Wed 09:13PM CST,Wed 11:22PM CST
47,CSZ9815,B738,Shenzhen Bao'an Int'l (SZX / ZGSZ),Wed 09:09PM CST,Wed 11:13PM CST
48,DKH1858,A321,Qingdao Liuting Int'l (TAO / ZSQD),Wed 10:01PM CST,Wed 11:09PM CST
49,DKH1852,A321,Nanning Wuxu Int'l (NNG / ZGNN),Wed 08:35PM CST,Wed 10:40PM CST
50,CES2998,A320,Yinchuan Helanshan (INC / ZLIC),Wed 08:35PM CST,Wed 10:35PM CST
51,DKH1852,A321,Nanning Wuxu Int'l (NNG / ZGNN),Wed 08:35PM CST,Wed 10:40PM CST
52,CES2998,A320,Yinchuan Helanshan (INC / ZLIC),Wed 08:35PM CST,Wed 10:35PM CST
53,CSZ8520,B738,Shubuling (LYI / ZSLY),Wed 09:44PM CST,Wed 10:31PM CST
54,OTC7230,A320,Penglai International (YNT / ZSYT),Wed 09:09PM CST,Wed 10:22PM CST
55,CSZ9813,B738,Shenzhen Bao'an Int'l (SZX / ZGSZ),Wed 08:18PM CST,Wed 10:17PM CST
56,CES2986,A320,Kunming Changshui Int'l (KMG / ZPPP),Wed 07:43PM CST,Wed 09:59PM CST
57,CES2950,A320,Beijing Capital Int'l (PEK / ZBAA),Wed 08:20PM CST,Wed 09:54PM CST
58,CES9780,A320,Shenyang Taoxian Int'l (SHE / ZYTX),Wed 07:51PM CST,Wed 09:52PM CST
59,CSZ8518,B738,Chongqing Jiangbei Int'l (CKG / ZUCK),Wed 08:11PM CST,Wed 09:49PM CST
60,CSC8761,A320,Kunming Changshui Int'l (KMG / ZPPP),Wed 07:25PM CST,Wed 09:45PM CST
61,CSZ9285,B738,Xi'an Xianyang Int'l (XIY / ZLXY),Wed 07:59PM CST,Wed 09:42PM CST
62,RLH6556,B733,Shenyang Taoxian Int'l (SHE / ZYTX),Wed 06:50PM CST,Wed 08:54PM CST
63,EPA6218,B738,Changchun Longjia Int'l (CGQ / ZYCC),Wed 06:19PM CST,Wed 08:52PM CST
64,CES2718,A320,Xiamen Gaoqi Int'l (XMN / ZSAM),Wed 07:19PM CST,Wed 08:46PM CST
65,CES2738,A321,Xi'an Xianyang Int'l (XIY / ZLXY),Wed 06:30PM CST,Wed 08:10PM CST
66,DKH1907,A321,Huizhou Pingtan Airport (HUZ / ZGHZ),Wed 06:11PM CST,Wed 08:09PM CST
67,CSZ8161,A320,Yuncheng (YCU / ZBYC),Wed 06:25PM CST,Wed 08:03PM CST
68,CSC8625,A321,Chengdu Shuangliu Int'l (CTU / ZUUU),Wed 06:03PM CST,Wed 07:58PM CST
69,CSN3209,A330,Shenzhen Bao'an Int'l (SZX / ZGSZ),Wed 05:58PM CST,Wed 07:52PM CST
70,RLH6555,B733,Kunming Changshui Int'l (KMG / ZPPP),Wed 05:38PM CST,Wed 07:48PM CST
71,DKH1854,A320,Sanya Phoenix Int'l (SYX / ZJSY),Wed 04:45PM CST,Wed 07:45PM CST
72,JYH1072,B738,Shenyang Taoxian Int'l (SHE / ZYTX),Wed 05:29PM CST,Wed 07:43PM CST
73,CSZ8524,A320,Guiyang Longdongbao (KWE / ZUGY),Wed 05:35PM CST,Wed 07:32PM CST
74,CSN3917,A21N,Guangzhou Baiyun Int'l (CAN / ZGGG),Wed 05:38PM CST,Wed 07:31PM CST
75,CSZ9811,B738,Shenzhen Bao'an Int'l (SZX / ZGSZ),Wed 05:22PM CST,Wed 07:26PM CST
76,OTC7148,A321,Changchun Longjia Int'l (CGQ / ZYCC),Wed 04:58PM CST,Wed 07:18PM CST
77,CXA8537,B737,Fuzhou Changle Int'l (FOC / ZSFZ),Wed 05:51PM CST,Wed 07:08PM CST
78,CES9786,A320,Chongqing Jiangbei Int'l (CKG / ZUCK),Wed 07:03PM CST,08:50PM CST (?)
79,CSZ8542,B738,Yichang (YIH / ZHYC),Wed 05:04PM CST,Wed 06:23PM CST
80,OTC7251,A320,Changsha Huanghua Int'l (CSX / ZGHA),Wed 04:45PM CST,Wed 06:17PM CST
81,DKH1848,A20N,Changsha Huanghua Int'l (CSX / ZGHA),Wed 04:55PM CST,Wed 06:17PM CST
82,CES2980,A321,Xiamen Gaoqi Int'l (XMN / ZSAM),Wed 04:47PM CST,Wed 06:13PM CST
83,CES2850,A320,Zunyi (ZYI / ZUZY),Wed 04:32PM CST,Wed 05:48PM CST
84,CES2934,A320,Zhanjiang (ZHA / ZGZJ),Wed 03:10PM CST,Wed 05:26PM CST
85,CSZ9809,B738,Shenzhen Bao'an Int'l (SZX / ZGSZ),Wed 03:14PM CST,Wed 05:17PM CST
86,CSZ9829,B738,Guangzhou Baiyun Int'l (CAN / ZGGG),Wed 03:21PM CST,Wed 05:12PM CST
87,CES2702,A321,Qingdao Liuting Int'l (TAO / ZSQD),Wed 04:00PM CST,Wed 05:05PM CST
88,QDA6131,A320,Penglai International (YNT / ZSYT),Wed 03:41PM CST,Wed 04:53PM CST
89,CSZ9825,B738,Guangzhou Baiyun Int'l (CAN / ZGGG),Wed 02:18PM CST,Wed 04:14PM CST
90,CES9778,A320,Sanya Phoenix Int'l (SYX / ZJSY),Wed 12:52PM CST,Wed 03:47PM CST
91,CSZ9159,B738,Beijing Capital Int'l (PEK / ZBAA),Wed 01:54PM CST,Wed 03:26PM CST
92,CES2976,A320,Kunming Changshui Int'l (KMG / ZPPP),Wed 12:56PM CST,Wed 03:02PM CST
93,CSZ9807,B738,Shenzhen Bao'an Int'l (SZX / ZGSZ),Wed 12:58PM CST,Wed 02:59PM CST
94,CSZ8917,A320,Huizhou Pingtan Airport (HUZ / ZGHZ),Wed 12:53PM CST,Wed 02:35PM CST
95,CSZ9803,B738,Shenzhen Bao'an Int'l (SZX / ZGSZ),Wed 12:15PM CST,Wed 02:18PM CST
96,CES2906,A321,Chengdu Shuangliu Int'l (CTU / ZUUU),Wed 12:09PM CST,Wed 02:12PM CST
97,CSZ9540,B738,Taiyuan Wusu (TYN / ZBYN),Wed 12:31PM CST,Wed 02:06PM CST
98,DKH1846,A321,Chongqing Jiangbei Int'l (CKG / ZUCK),Wed 12:16PM CST,Wed 02:04PM CST
99,CES2712,A320,Xiamen Gaoqi Int'l (XMN / ZSAM),Wed 12:38PM CST,Wed 02:00PM CST
100,CSZ8516,B738,Nanning Wuxu Int'l (NNG / ZGNN),Wed 11:41AM CST,Wed 01:49PM CST
101,RYL368,A320,Manila Int'l (MNL / RPLL),Wed 10:16AM PST,Wed 01:19PM CST
102,CSZ9819,B738,Guangzhou Baiyun Int'l (CAN / ZGGG),Wed 11:30AM CST,Wed 01:15PM CST
103,CSZ9530,B738,Zhuhai Int'l (ZUH / ZGSD),Wed 11:22AM CST,Wed 01:10PM CST
104,EPA6217,B738,Shenzhen Bao'an Int'l (SZX / ZGSZ),Wed 10:54AM CST,Wed 12:53PM CST
105,CSC3051,A320,Luzhou (LZO / ZULZ),Wed 10:31AM CST,Wed 12:30PM CST
106,CSZ9823,B738,Guangzhou Baiyun Int'l (CAN / ZGGG),Wed 10:26AM CST,Wed 12:20PM CST
107,CSZ9823,B738,Guangzhou Baiyun Int'l (CAN / ZGGG),Wed 10:26AM CST,Wed 12:20PM CST
108,CES2956,A321,Xi'an Xianyang Int'l (XIY / ZLXY),Wed 10:41AM CST,Wed 12:20PM CST
109,JYH1071,B738,Guiyang Longdongbao (KWE / ZUGY),Wed 10:05AM CST,Wed 12:13PM CST
110,CDC8035,A320,Guiyang Longdongbao (KWE / ZUGY),Wed 10:11AM CST,Wed 12:00PM CST
111,DKH1862,A321,Fuzhou Changle Int'l (FOC / ZSFZ),Wed 10:34AM CST,Wed 11:42AM CST
112,OTC7147,A321,Kunming Changshui Int'l (KMG / ZPPP),Wed 09:27AM CST,Wed 11:39AM CST
113,DKH1853,A320,Qingdao Liuting Int'l (TAO / ZSQD),Wed 10:16AM CST,Wed 11:26AM CST
114,CSZ9546,A320,Chengdu Shuangliu Int'l (CTU / ZUUU),Wed 09:20AM CST,Wed 11:25AM CST
115,CES2958,A320,Chongqing Jiangbei Int'l (CKG / ZUCK),Wed 11:21AM CST,01:09PM CST (?)
116,CES2996,A320,Kunming Changshui Int'l (KMG / ZPPP),Wed 08:59AM CST,Wed 11:09AM CST
117,CSZ8124,B738,Changsha Huanghua Int'l (CSX / ZGHA),Wed 09:42AM CST,Wed 11:02AM CST
118,CSZ9821,B738,Guangzhou Baiyun Int'l (CAN / ZGGG),Wed 09:08AM CST,Wed 10:56AM CST
119,CSZ9805,B738,Shenzhen Bao'an Int'l (SZX / ZGSZ),Wed 08:49AM CST,Wed 10:47AM CST
120,CES2862,A321,Beijing Daxing International Airport (PKX / ZBAD),Wed 09:04AM CST,Wed 10:39AM CST
121,DKH1908,A321,Harbin Taiping Int'l (HRB / ZYHB),Wed 07:39AM CST,Wed 10:16AM CST
122,CES2933,A320,Dalian Zhoushuizi Int'l (DLC / ZYTL),Wed 08:17AM CST,Wed 09:47AM CST
123,CSZ8506,A320,Quanzhou Jinjiang (JJN / ZSQZ),Wed 08:14AM CST,Wed 09:35AM CST
124,CSZ8506,A320,Quanzhou Jinjiang (JJN / ZSQZ),Wed 08:14AM CST,Wed 09:35AM CST
125,CSZ9801,B738,Shenzhen Bao'an Int'l (SZX / ZGSZ),Wed 07:29AM CST,Wed 09:31AM CST
126,CSZ9287,A320,Xi'an Xianyang Int'l (XIY / ZLXY),Wed 07:43AM CST,Wed 09:23AM CST
127,JYH1023,B738,Guangzhou Baiyun Int'l (CAN / ZGGG),Wed 07:03AM CST,Wed 08:54AM CST
128,CSZ8205,A320,Xi'an Xianyang Int'l (XIY / ZLXY),Wed 06:50AM CST,Wed 08:33AM CST
129,CSZ9157,B738,Beijing Capital Int'l (PEK / ZBAA),Wed 06:50AM CST,Wed 08:25AM CST
130,CSC8949,A321,Chongqing Jiangbei Int'l (CKG / ZUCK),Wed 06:18AM CST,Wed 07:52AM CST
131,CES2978,A321,Shenzhen Bao'an Int'l (SZX / ZGSZ),Wed 12:10AM CST,Wed 02:05AM CST
132,CES2966,A321,Changsha Huanghua Int'l (CSX / ZGHA),Tue 11:40PM CST,Wed 12:52AM CST
133,CSZ9817,B738,Shenzhen Bao'an Int'l (SZX / ZGSZ),Tue 10:27PM CST,Wed 12:25AM CST
134,CES2968,A320,Xi'an Xianyang Int'l (XIY / ZLXY),Tue 10:20PM CST,Tue 11:51PM CST
135,CES2908,A321,Guangzhou Baiyun Int'l (CAN / ZGGG),Tue 11:42PM CST,01:29AM CST (+1) (?)
136,CSZ9815,B738,Shenzhen Bao'an Int'l (SZX / ZGSZ),Tue 09:36PM CST,Tue 11:38PM CST
137,CES2988,A320,Chongqing Jiangbei Int'l (CKG / ZUCK),Tue 09:25PM CST,Tue 11:07PM CST
138,CSZ8520,B738,Shubuling (LYI / ZSLY),Tue 10:11PM CST,Tue 11:03PM CST
139,DKH1852,A321,Nanning Wuxu Int'l (NNG / ZGNN),Tue 08:30PM CST,Tue 10:39PM CST
140,CES2998,A320,Yinchuan Helanshan (INC / ZLIC),Tue 08:22PM CST,Tue 10:17PM CST
141,DKH1852,A321,Nanning Wuxu Int'l (NNG / ZGNN),Tue 08:30PM CST,Tue 10:39PM CST
142,CES2998,A320,Yinchuan Helanshan (INC / ZLIC),Tue 08:22PM CST,Tue 10:17PM CST
143,CES9780,A320,Shenyang Taoxian Int'l (SHE / ZYTX),Tue 07:38PM CST,Tue 10:04PM CST
144,CES2986,A320,Kunming Changshui Int'l (KMG / ZPPP),Tue 07:26PM CST,Tue 09:45PM CST
145,CSC8761,A320,Kunming Changshui Int'l (KMG / ZPPP),Tue 07:14PM CST,Tue 09:31PM CST
146,CSZ9544,B738,Chengdu Shuangliu Int'l (CTU / ZUUU),Tue 07:28PM CST,Tue 09:25PM CST
147,CSZ9285,B738,Xi'an Xianyang Int'l (XIY / ZLXY),Tue 07:29PM CST,Tue 09:11PM CST
148,CES2718,A320,Xiamen Gaoqi Int'l (XMN / ZSAM),Tue 07:28PM CST,Tue 08:53PM CST
149,CSZ8518,B738,Chongqing Jiangbei Int'l (CKG / ZUCK),Tue 06:54PM CST,Tue 08:31PM CST
150,CSZ8524,A320,Guiyang Longdongbao (KWE / ZUGY),Tue 06:33PM CST,Tue 08:27PM CST
151,EPA6218,B738,Changchun Longjia Int'l (CGQ / ZYCC),Tue 05:35PM CST,Tue 08:20PM CST
152,RLH6542,B733,Harbin Taiping Int'l (HRB / ZYHB),Tue 04:58PM CST,Tue 08:13PM CST
153,DKH1854,A320,Sanya Phoenix Int'l (SYX / ZJSY),Tue 05:06PM CST,Tue 08:07PM CST
154,CSN3209,A330,Shenzhen Bao'an Int'l (SZX / ZGSZ),Tue 06:01PM CST,Tue 08:02PM CST
155,CSZ8161,A320,Yuncheng (YCU / ZBYC),Tue 06:20PM CST,Tue 07:58PM CST
156,DKH1907,A321,Huizhou Pingtan Airport (HUZ / ZGHZ),Tue 05:54PM CST,Tue 07:51PM CST
157,CES2918,A321,Guangzhou Baiyun Int'l (CAN / ZGGG),Tue 05:56PM CST,Tue 07:43PM CST
158,CES9786,A320,Chongqing Jiangbei Int'l (CKG / ZUCK),Tue 06:03PM CST,Tue 07:42PM CST
159,OTC7148,A321,Changchun Longjia Int'l (CGQ / ZYCC),Tue 04:51PM CST,Tue 07:37PM CST
160,CSZ9811,B738,Shenzhen Bao'an Int'l (SZX / ZGSZ),Tue 05:26PM CST,Tue 07:34PM CST
161,JYH1072,B738,Shenyang Taoxian Int'l (SHE / ZYTX),Tue 05:03PM CST,Tue 07:28PM CST
162,CSZ8508,A320,Quanzhou Jinjiang (JJN / ZSQZ),Tue 05:56PM CST,Tue 07:23PM CST
163,CSN3917,A21N,Guangzhou Baiyun Int'l (CAN / ZGGG),Tue 05:41PM CST,Tue 07:22PM CST
164,CES2738,A321,Xi'an Xianyang Int'l (XIY / ZLXY),Tue 05:33PM CST,Tue 07:08PM CST
165,CXA8537,B738,Fuzhou Changle Int'l (FOC / ZSFZ),Tue 05:46PM CST,Tue 07:04PM CST
166,CES2980,A321,Xiamen Gaoqi Int'l (XMN / ZSAM),Tue 05:02PM CST,Tue 06:26PM CST
167,CSZ8542,B738,Yichang (YIH / ZHYC),Tue 05:02PM CST,Tue 06:17PM CST
168,OTC7251,A320,Changsha Huanghua Int'l (CSX / ZGHA),Tue 04:45PM CST,Tue 06:11PM CST
169,DKH1848,A20N,Changsha Huanghua Int'l (CSX / ZGHA),Tue 04:47PM CST,Tue 06:02PM CST
170,CES2850,A320,Zunyi (ZYI / ZUZY),Tue 03:43PM CST,Tue 05:23PM CST
171,CSZ9829,B738,Guangzhou Baiyun Int'l (CAN / ZGGG),Tue 03:27PM CST,Tue 05:13PM CST
172,CSZ9809,B738,Shenzhen Bao'an Int'l (SZX / ZGSZ),Tue 03:10PM CST,Tue 05:08PM CST
173,CES2934,A320,Zhanjiang (ZHA / ZGZJ),Tue 02:31PM CST,Tue 04:39PM CST
174,CSZ9825,B738,Guangzhou Baiyun Int'l (CAN / ZGGG),Tue 02:16PM CST,Tue 04:05PM CST
175,CSZ9159,B738,Beijing Capital Int'l (PEK / ZBAA),Tue 02:08PM CST,Tue 03:54PM CST
176,CES2702,A321,Qingdao Liuting Int'l (TAO / ZSQD),Tue 03:33PM CST,06:22PM CST (?)
177,CSZ9807,B738,Shenzhen Bao'an Int'l (SZX / ZGSZ),Tue 01:06PM CST,Tue 03:15PM CST
178,CES2976,A320,Kunming Changshui Int'l (KMG / ZPPP),Tue 12:48PM CST,Tue 03:03PM CST
179,CES2734,A320,Zhuhai Int'l (ZUH / ZGSD),Tue 01:06PM CST,Tue 02:56PM CST
180,CES2906,A321,Chengdu Shuangliu Int'l (CTU / ZUUU),Tue 12:31PM CST,Tue 02:36PM CST
181,CSZ8917,A320,Huizhou Pingtan Airport (HUZ / ZGHZ),Tue 12:35PM CST,Tue 02:31PM CST
182,CES2712,A320,Xiamen Gaoqi Int'l (XMN / ZSAM),Tue 12:51PM CST,Tue 02:15PM CST
183,DKH1846,A321,Chongqing Jiangbei Int'l (CKG / ZUCK),Tue 12:08PM CST,Tue 01:55PM CST
184,CSZ9803,B738,Shenzhen Bao'an Int'l (SZX / ZGSZ),Tue 11:27AM CST,Tue 01:35PM CST
185,CSZ9530,B738,Zhuhai Int'l (ZUH / ZGSD),Tue 11:20AM CST,Tue 01:22PM CST
186,CSZ9819,B738,Guangzhou Baiyun Int'l (CAN / ZGGG),Tue 11:29AM CST,Tue 01:13PM CST
187,EPA6217,B738,Shenzhen Bao'an Int'l (SZX / ZGSZ),Tue 11:07AM CST,Tue 01:12PM CST
188,CES2958,A320,Chongqing Jiangbei Int'l (CKG / ZUCK),Tue 11:24AM CST,Tue 01:07PM CST
189,CSC3051,A320,Luzhou (LZO / ZULZ),Tue 10:29AM CST,Tue 12:35PM CST
190,CES2956,A321,Xi'an Xianyang Int'l (XIY / ZLXY),Tue 10:46AM CST,Tue 12:29PM CST
191,JYH1071,B738,Guiyang Longdongbao (KWE / ZUGY),Tue 10:05AM CST,Tue 12:27PM CST
192,OTC7147,A321,Kunming Changshui Int'l (KMG / ZPPP),Tue 09:59AM CST,Tue 12:13PM CST
193,CDC8035,A320,Guiyang Longdongbao (KWE / ZUGY),Tue 10:02AM CST,Tue 11:56AM CST
194,CSZ9823,B738,Guangzhou Baiyun Int'l (CAN / ZGGG),Tue 10:09AM CST,Tue 11:50AM CST
195,RLH6541,B733,Kunming Changshui Int'l (KMG / ZPPP),Tue 09:25AM CST,Tue 11:41AM CST
196,RLH6541,B733,Kunming Changshui Int'l (KMG / ZPPP),Tue 09:25AM CST,Tue 11:41AM CST
197,DKH1862,A321,Fuzhou Changle Int'l (FOC / ZSFZ),Tue 10:05AM CST,Tue 11:19AM CST
198,CSZ8124,B738,Changsha Huanghua Int'l (CSX / ZGHA),Tue 09:45AM CST,Tue 11:05AM CST
199,CES2996,A320,Kunming Changshui Int'l (KMG / ZPPP),Tue 08:42AM CST,Tue 10:59AM CST
200,CSZ9805,B738,Shenzhen Bao'an Int'l (SZX / ZGSZ),Tue 08:45AM CST,Tue 10:53AM CST
201,CSZ9821,B738,Guangzhou Baiyun Int'l (CAN / ZGGG),Tue 08:58AM CST,Tue 10:44AM CST
202,CES2862,A321,Beijing Daxing International Airport (PKX / ZBAD),Tue 09:07AM CST,Tue 10:42AM CST
203,DKH1908,A321,Harbin Taiping Int'l (HRB / ZYHB),Tue 07:32AM CST,Tue 10:27AM CST
204,CSC8623,A332,Chengdu Shuangliu Int'l (CTU / ZUUU),Tue 08:22AM CST,Tue 10:23AM CST
205,CSZ8506,A320,Quanzhou Jinjiang (JJN / ZSQZ),Tue 08:31AM CST,Tue 09:48AM CST
206,CSZ8205,A320,Xi'an Xianyang Int'l (XIY / ZLXY),Tue 07:47AM CST,Tue 09:31AM CST
207,CES2933,A320,Dalian Zhoushuizi Int'l (DLC / ZYTL),Tue 07:45AM CST,Tue 09:16AM CST
208,JYH1023,B738,Guangzhou Baiyun Int'l (CAN / ZGGG),Tue 06:55AM CST,Tue 08:47AM CST
209,CSZ9157,B738,Beijing Capital Int'l (PEK / ZBAA),Tue 06:34AM CST,Tue 08:19AM CST
210,CSC8949,A321,Chongqing Jiangbei Int'l (CKG / ZUCK),Tue 06:25AM CST,Tue 08:07AM CST
211,CSS6945,B763,Beijing Capital Int'l (PEK / ZBAA),Tue 12:49AM CST,Tue 02:24AM CST
212,CSZ9157,B738,Beijing Capital Int'l (PEK / ZBAA),Tue 06:34AM CST,Tue 08:19AM CST
213,CSC8949,A321,Chongqing Jiangbei Int'l (CKG / ZUCK),Tue 06:25AM CST,Tue 08:07AM CST
214,CSS6945,B763,Beijing Capital Int'l (PEK / ZBAA),Tue 12:49AM CST,Tue 02:24AM CST
215,CES2978,A321,Shenzhen Bao'an Int'l (SZX / ZGSZ),Mon 11:45PM CST,Tue 01:50AM CST
216,CES2908,A321,Guangzhou Baiyun Int'l (CAN / ZGGG),Mon 11:57PM CST,Tue 01:46AM CST
217,CES2966,A321,Changsha Huanghua Int'l (CSX / ZGHA),Mon 11:48PM CST,Tue 12:57AM CST
218,CSZ9817,B738,Shenzhen Bao'an Int'l (SZX / ZGSZ),Mon 10:23PM CST,Tue 12:24AM CST
219,CSZ9831,B738,Guangzhou Baiyun Int'l (CAN / ZGGG),Mon 10:26PM CST,Tue 12:10AM CST
220,OTC7234,A320,Lijiang (LJG / ZPLJ),Mon 09:51PM CST,Tue 12:06AM CST
221,CES2968,A320,Xi'an Xianyang Int'l (XIY / ZLXY),Mon 10:23PM CST,Tue 12:02AM CST
222,CSZ9815,B738,Shenzhen Bao'an Int'l (SZX / ZGSZ),Mon 09:35PM CST,Mon 11:33PM CST
223,DKH1858,A321,Qingdao Liuting Int'l (TAO / ZSQD),Mon 10:09PM CST,Mon 11:21PM CST
224,CES2988,A320,Chongqing Jiangbei Int'l (CKG / ZUCK),Mon 09:30PM CST,Mon 11:18PM CST
225,DKH1852,A321,Nanning Wuxu Int'l (NNG / ZGNN),Mon 08:31PM CST,Mon 10:50PM CST
226,CSZ8520,B738,Shubuling (LYI / ZSLY),Mon 09:36PM CST,Mon 10:39PM CST
227,CSZ9813,B738,Shenzhen Bao'an Int'l (SZX / ZGSZ),Mon 08:29PM CST,Mon 10:32PM CST
228,CES2998,A320,Yinchuan Helanshan (INC / ZLIC),Mon 08:21PM CST,Mon 10:28PM CST
229,CSZ9544,B738,Chengdu Shuangliu Int'l (CTU / ZUUU),Mon 08:12PM CST,Mon 10:23PM CST
230,CES9780,A320,Shenyang Taoxian Int'l (SHE / ZYTX),Mon 07:51PM CST,Mon 10:12PM CST
231,CES2950,A320,Beijing Capital Int'l (PEK / ZBAA),Mon 08:25PM CST,Mon 10:03PM CST
232,CES2986,A320,Kunming Changshui Int'l (KMG / ZPPP),Mon 07:21PM CST,Mon 09:37PM CST
233,CSZ9285,B738,Xi'an Xianyang Int'l (XIY / ZLXY),Mon 07:33PM CST,Mon 09:29PM CST
234,CSC8761,A320,Kunming Changshui Int'l (KMG / ZPPP),Mon 07:04PM CST,Mon 09:25PM CST
235,DKH1907,A321,Huizhou Pingtan Airport (HUZ / ZGHZ),Mon 07:27PM CST,Mon 09:19PM CST
236,OTC7230,A320,Changbaishan Airport (NBS / ZYBS),Mon 07:50PM CST,Mon 09:14PM CST
237,RLH6556,B733,Shenyang Taoxian Int'l (SHE / ZYTX),Mon 06:53PM CST,Mon 09:10PM CST
238,CES2718,A320,Xiamen Gaoqi Int'l (XMN / ZSAM),Mon 07:33PM CST,Mon 09:08PM CST
239,CSZ8518,B738,Chongqing Jiangbei Int'l (CKG / ZUCK),Mon 07:14PM CST,Mon 08:59PM CST
240,CES2918,A321,Guangzhou Baiyun Int'l (CAN / ZGGG),Mon 06:54PM CST,Mon 08:37PM CST
241,EPA6218,B738,Changchun Longjia Int'l (CGQ / ZYCC),Mon 05:32PM CST,Mon 08:15PM CST
242,CSN3209,A330,Shenzhen Bao'an Int'l (SZX / ZGSZ),Mon 06:08PM CST,Mon 08:10PM CST
243,CSZ8161,A320,Yuncheng (YCU / ZBYC),Mon 06:18PM CST,Mon 08:06PM CST
244,CSC8625,A332,Chengdu Shuangliu Int'l (CTU / ZUUU),Mon 05:59PM CST,Mon 08:03PM CST
245,CES9795,A320,Yining (YIN / ZWYN),Mon 03:17PM CST,Mon 08:01PM CST
246,CES9786,A320,Chongqing Jiangbei Int'l (CKG / ZUCK),Mon 06:06PM CST,Mon 07:58PM CST
247,DKH1854,A320,Sanya Phoenix Int'l (SYX / ZJSY),Mon 04:45PM CST,Mon 07:56PM CST
248,RLH6555,B733,Kunming Changshui Int'l (KMG / ZPPP),Mon 05:19PM CST,Mon 07:51PM CST
249,CXA8537,B737,Fuzhou Changle Int'l (FOC / ZSFZ),Mon 06:35PM CST,Mon 07:47PM CST
250,CES2702,A321,Qingdao Liuting Int'l (TAO / ZSQD),Mon 06:33PM CST,Mon 07:45PM CST
251,CSN3917,A21N,Guangzhou Baiyun Int'l (CAN / ZGGG),Mon 05:54PM CST,Mon 07:42PM CST
252,CSZ9811,B738,Shenzhen Bao'an Int'l (SZX / ZGSZ),Mon 05:32PM CST,Mon 07:38PM CST
253,JYH1072,B738,Shenyang Taoxian Int'l (SHE / ZYTX),Mon 05:15PM CST,Mon 07:36PM CST
254,OTC7148,A321,Changchun Longjia Int'l (CGQ / ZYCC),Mon 04:50PM CST,Mon 07:27PM CST
255,CES2738,A321,Xi'an Xianyang Int'l (XIY / ZLXY),Mon 05:18PM CST,Mon 07:08PM CST
256,CES2980,A321,Xiamen Gaoqi Int'l (XMN / ZSAM),Mon 05:07PM CST,Mon 06:36PM CST
257,CSZ8542,B738,Yichang (YIH / ZHYC),Mon 05:08PM CST,Mon 06:30PM CST
258,OTC7251,A320,Changsha Huanghua Int'l (CSX / ZGHA),Mon 04:45PM CST,Mon 06:23PM CST
259,DKH1848,A20N,Changsha Huanghua Int'l (CSX / ZGHA),Mon 04:56PM CST,Mon 06:19PM CST
260,CSZ9809,B738,Shenzhen Bao'an Int'l (SZX / ZGSZ),Mon 03:40PM CST,Mon 05:49PM CST
261,CSZ9829,B738,Guangzhou Baiyun Int'l (CAN / ZGGG),Mon 03:44PM CST,Mon 05:34PM CST
262,CES2850,A320,Zunyi (ZYI / ZUZY),Mon 03:29PM CST,Mon 05:12PM CST
263,CES2934,A320,Zhanjiang (ZHA / ZGZJ),Mon 02:45PM CST,Mon 04:43PM CST
264,CSZ9825,B738,Guangzhou Baiyun Int'l (CAN / ZGGG),Mon 02:45PM CST,Mon 04:41PM CST
265,CES9778,A320,Sanya Phoenix Int'l (SYX / ZJSY),Mon 01:08PM CST,Mon 04:11PM CST
266,OTC7210,A320,Quanzhou Jinjiang (JJN / ZSQZ),Mon 02:32PM CST,Mon 03:51PM CST
267,CSZ9540,B738,Taiyuan Wusu (TYN / ZBYN),Mon 01:52PM CST,Mon 03:41PM CST
268,CSZ9540,B738,Taiyuan Wusu (TYN / ZBYN),Mon 01:52PM CST,Mon 03:41PM CST
269,CSZ9159,B738,Beijing Capital Int'l (PEK / ZBAA),Mon 01:58PM CST,Mon 03:37PM CST
270,CSZ9530,B738,Zhuhai Int'l (ZUH / ZGSD),Mon 01:08PM CST,Mon 03:13PM CST
271,QDA6131,A320,Penglai International (YNT / ZSYT),Mon 01:59PM CST,Mon 03:11PM CST
272,CES2976,A320,Kunming Changshui Int'l (KMG / ZPPP),Mon 12:44PM CST,Mon 02:59PM CST
273,CSZ9807,B738,Shenzhen Bao'an Int'l (SZX / ZGSZ),Mon 12:42PM CST,Mon 02:42PM CST
274,CES2906,A321,Chengdu Shuangliu Int'l (CTU / ZUUU),Mon 12:18PM CST,Mon 02:25PM CST
275,CSZ8917,A320,Huizhou Pingtan Airport (HUZ / ZGHZ),Mon 12:38PM CST,Mon 02:20PM CST
276,DKH1846,A321,Chongqing Jiangbei Int'l (CKG / ZUCK),Mon 12:23PM CST,Mon 02:12PM CST
277,CES2712,A320,Xiamen Gaoqi Int'l (XMN / ZSAM),Mon 12:49PM CST,Mon 02:06PM CST
278,JYH1023,B738,Guangzhou Baiyun Int'l (CAN / ZGGG),Mon 11:51AM CST,Mon 01:46PM CST
279,CSZ8516,B738,Nanning Wuxu Int'l (NNG / ZGNN),Mon 11:29AM CST,Mon 01:42PM CST
280,CES2768,A320,Beijing Daxing International Airport (PKX / ZBAD),Mon 11:47AM CST,Mon 01:24PM CST
281,CSZ9819,B738,Guangzhou Baiyun Int'l (CAN / ZGGG),Mon 11:28AM CST,Mon 01:18PM CST
282,CSZ9803,B738,Shenzhen Bao'an Int'l (SZX / ZGSZ),Mon 11:07AM CST,Mon 01:09PM CST
283,CES2958,A320,Chongqing Jiangbei Int'l (CKG / ZUCK),Mon 11:19AM CST,Mon 01:03PM CST
284,CES2930,A320,Shenyang Taoxian Int'l (SHE / ZYTX),Mon 10:48AM CST,Mon 12:57PM CST
285,CSC3051,A320,Luzhou (LZO / ZULZ),Mon 10:42AM CST,Mon 12:51PM CST
286,CSC3051,A320,Luzhou (LZO / ZULZ),Mon 10:42AM CST,Mon 12:51PM CST
287,EPA6217,B738,Shenzhen Bao'an Int'l (SZX / ZGSZ),Mon 10:29AM CST,Mon 12:27PM CST
288,JYH1071,B738,Guiyang Longdongbao (KWE / ZUGY),Mon 10:05AM CST,Mon 12:26PM CST
289,CES2956,A321,Xi'an Xianyang Int'l (XIY / ZLXY),Mon 10:35AM CST,Mon 12:20PM CST
290,OTC7147,A321,Kunming Changshui Int'l (KMG / ZPPP),Mon 09:52AM CST,Mon 12:18PM CST
291,CES2732,A321,Beijing Capital Int'l (PEK / ZBAA),Mon 10:35AM CST,Mon 12:14PM CST
292,CDC8035,A320,Guiyang Longdongbao (KWE / ZUGY),Mon 10:04AM CST,Mon 12:07PM CST
293,CSZ9823,B738,Guangzhou Baiyun Int'l (CAN / ZGGG),Mon 10:08AM CST,Mon 11:54AM CST
294,CSZ9546,A320,Chengdu Shuangliu Int'l (CTU / ZUUU),Mon 09:27AM CST,Mon 11:33AM CST
295,DKH1862,A321,Fuzhou Changle Int'l (FOC / ZSFZ),Mon 10:14AM CST,Mon 11:26AM CST
296,CSZ8124,B738,Changsha Huanghua Int'l (CSX / ZGHA),Mon 09:50AM CST,Mon 11:07AM CST
297,DKH1853,A320,Qingdao Liuting Int'l (TAO / ZSQD),Mon 09:53AM CST,Mon 11:07AM CST
298,CES2996,A320,Kunming Changshui Int'l (KMG / ZPPP),Mon 08:37AM CST,Mon 10:56AM CST
299,CSZ9805,B738,Shenzhen Bao'an Int'l (SZX / ZGSZ),Mon 08:48AM CST,Mon 10:50AM CST
300,CSZ9821,B738,Guangzhou Baiyun Int'l (CAN / ZGGG),Mon 08:57AM CST,Mon 10:47AM CST
301,CSZ8506,A320,Quanzhou Jinjiang (JJN / ZSQZ),Mon 08:54AM CST,Mon 10:21AM CST
302,DKH1908,A321,Harbin Taiping Int'l (HRB / ZYHB),Mon 07:33AM CST,Mon 10:15AM CST
303,CSZ9801,B738,Shenzhen Bao'an Int'l (SZX / ZGSZ),Mon 07:24AM CST,Mon 09:26AM CST
304,CSZ9287,A320,Xi'an Xianyang Int'l (XIY / ZLXY),Mon 07:44AM CST,Mon 09:22AM CST
305,CES2933,A320,Dalian Zhoushuizi Int'l (DLC / ZYTL),Mon 07:46AM CST,Mon 09:17AM CST
306,CSZ8205,A320,Xi'an Xianyang Int'l (XIY / ZLXY),Mon 07:25AM CST,Mon 09:07AM CST
307,CES2862,A321,Beijing Daxing International Airport (PKX / ZBAD),Mon 09:03AM CST,10:35AM CST (?)
308,CSZ9157,B738,Beijing Capital Int'l (PEK / ZBAA),Mon 07:12AM CST,Mon 08:48AM CST
309,CSC8949,A321,Chongqing Jiangbei Int'l (CKG / ZUCK),Mon 06:09AM CST,Mon 07:54AM CST
310,CSS6945,B763,Beijing Capital Int'l (PEK / ZBAA),Mon 12:32AM CST,Mon 02:05AM CST
311,CES2908,A321,Guangzhou Baiyun Int'l (CAN / ZGGG),Mon 12:10AM CST,Mon 02:02AM CST
312,CES2978,A321,Shenzhen Bao'an Int'l (SZX / ZGSZ),Sun 11:30PM CST,Mon 01:20AM CST
313,CES2966,A321,Changsha Huanghua Int'l (CSX / ZGHA),Sun 11:36PM CST,Mon 12:44AM CST
314,CSZ9817,B738,Shenzhen Bao'an Int'l (SZX / ZGSZ),Sun 10:23PM CST,Mon 12:25AM CST
315,CSZ9831,B738,Guangzhou Baiyun Int'l (CAN / ZGGG),Sun 10:35PM CST,Mon 12:16AM CST
316,CES2968,A320,Xi'an Xianyang Int'l (XIY / ZLXY),Sun 10:25PM CST,Mon 12:02AM CST
317,CES2988,A320,Chongqing Jiangbei Int'l (CKG / ZUCK),Sun 09:50PM CST,Sun 11:30PM CST
318,OTC7234,A320,Lijiang (LJG / ZPLJ),Sun 08:53PM CST,Sun 11:14PM CST
319,CES2988,A320,Chongqing Jiangbei Int'l (CKG / ZUCK),Sun 09:50PM CST,Sun 11:30PM CST
320,OTC7234,A320,Lijiang (LJG / ZPLJ),Sun 08:53PM CST,Sun 11:14PM CST
321,DKH1858,A321,Qingdao Liuting Int'l (TAO / ZSQD),Sun 09:59PM CST,Sun 11:04PM CST
322,DKH1852,A321,Nanning Wuxu Int'l (NNG / ZGNN),Sun 08:38PM CST,Sun 10:50PM CST
323,CES2998,A320,Yinchuan Helanshan (INC / ZLIC),Sun 08:20PM CST,Sun 10:29PM CST
324,CSZ8520,B738,Shubuling (LYI / ZSLY),Sun 09:31PM CST,Sun 10:21PM CST
325,CSZ9813,B738,Shenzhen Bao'an Int'l (SZX / ZGSZ),Sun 08:13PM CST,Sun 10:11PM CST
326,CSZ9544,B738,Chengdu Shuangliu Int'l (CTU / ZUUU),Sun 08:00PM CST,Sun 10:06PM CST
327,CES2950,A320,Beijing Capital Int'l (PEK / ZBAA),Sun 08:28PM CST,Sun 10:05PM CST
328,CES2986,A320,Kunming Changshui Int'l (KMG / ZPPP),Sun 07:45PM CST,Sun 10:03PM CST
329,CES9780,A320,Shenyang Taoxian Int'l (SHE / ZYTX),Sun 07:59PM CST,Sun 09:59PM CST
330,DKH1854,A320,Sanya Phoenix Int'l (SYX / ZJSY),Sun 07:00PM CST,Sun 09:52PM CST
331,CES2718,A320,Xiamen Gaoqi Int'l (XMN / ZSAM),Sun 08:19PM CST,Sun 09:39PM CST
332,CSC8761,A320,Kunming Changshui Int'l (KMG / ZPPP),Sun 06:58PM CST,Sun 09:19PM CST
333,CSZ9285,B738,Xi'an Xianyang Int'l (XIY / ZLXY),Sun 07:23PM CST,Sun 09:05PM CST
334,RLH6556,B733,Shenyang Taoxian Int'l (SHE / ZYTX),Sun 06:56PM CST,Sun 09:03PM CST
335,CSZ9811,B738,Shenzhen Bao'an Int'l (SZX / ZGSZ),Sun 06:28PM CST,Sun 08:22PM CST
336,EPA6218,B738,Changchun Longjia Int'l (CGQ / ZYCC),Sun 05:32PM CST,Sun 08:04PM CST
337,EPA6218,B738,Changchun Longjia Int'l (CGQ / ZYCC),Sun 05:32PM CST,Sun 08:04PM CST
338,CSC8625,A332,Chengdu Shuangliu Int'l (CTU / ZUUU),Sun 05:51PM CST,Sun 08:00PM CST
339,CSN3209,A330,Shenzhen Bao'an Int'l (SZX / ZGSZ),Sun 06:00PM CST,Sun 07:54PM CST
340,RLH6555,B733,Kunming Changshui Int'l (KMG / ZPPP),Sun 05:28PM CST,Sun 07:52PM CST
341,CES2918,A321,Guangzhou Baiyun Int'l (CAN / ZGGG),Sun 05:55PM CST,Sun 07:47PM CST
342,CES2702,A321,Qingdao Liuting Int'l (TAO / ZSQD),Sun 06:36PM CST,Sun 07:47PM CST
343,CSZ8161,A320,Yuncheng (YCU / ZBYC),Sun 06:09PM CST,Sun 07:40PM CST
344,DKH1907,A321,Huizhou Pingtan Airport (HUZ / ZGHZ),Sun 05:52PM CST,Sun 07:34PM CST
345,OTC7148,A321,Changchun Longjia Int'l (CGQ / ZYCC),Sun 04:52PM CST,Sun 07:30PM CST
346,CSZ8508,A320,Quanzhou Jinjiang (JJN / ZSQZ),Sun 06:00PM CST,Sun 07:24PM CST
347,JYH1072,B738,Shenyang Taoxian Int'l (SHE / ZYTX),Sun 05:16PM CST,Sun 07:20PM CST
348,CSZ8524,A320,Guiyang Longdongbao (KWE / ZUGY),Sun 05:09PM CST,Sun 07:15PM CST
349,CSN3917,A21N,Guangzhou Baiyun Int'l (CAN / ZGGG),Sun 05:33PM CST,Sun 07:11PM CST
350,CXA8537,B737,Fuzhou Changle Int'l (FOC / ZSFZ),Sun 05:51PM CST,Sun 07:02PM CST
351,CSZ8542,B738,Yichang (YIH / ZHYC),Sun 05:15PM CST,Sun 06:35PM CST
352,DKH1848,A20N,Changsha Huanghua Int'l (CSX / ZGHA),Sun 05:03PM CST,Sun 06:25PM CST
353,CES2980,A321,Xiamen Gaoqi Int'l (XMN / ZSAM),Sun 04:52PM CST,Sun 06:15PM CST
354,OTC7251,A320,Changsha Huanghua Int'l (CSX / ZGHA),Sun 04:45PM CST,Sun 06:10PM CST
355,OTC7251,A320,Changsha Huanghua Int'l (CSX / ZGHA),Sun 04:45PM CST,Sun 06:10PM CST
356,CES2850,A320,Zunyi (ZYI / ZUZY),Sun 04:15PM CST,Sun 05:55PM CST
357,CES2738,A321,Xi'an Xianyang Int'l (XIY / ZLXY),Sun 05:37PM CST,07:21PM CST (?)
358,CSZ9809,B738,Shenzhen Bao'an Int'l (SZX / ZGSZ),Sun 03:25PM CST,Sun 05:19PM CST
359,CSZ9829,B738,Guangzhou Baiyun Int'l (CAN / ZGGG),Sun 03:23PM CST,Sun 05:07PM CST
360,CES2934,A320,Zhanjiang (ZHA / ZGZJ),Sun 02:25PM CST,Sun 04:35PM CST
361,CES2906,A321,Chengdu Shuangliu Int'l (CTU / ZUUU),Sun 02:01PM CST,Sun 04:09PM CST
362,CES2958,A320,Chongqing Jiangbei Int'l (CKG / ZUCK),Sun 02:15PM CST,Sun 04:06PM CST
363,CSZ9825,B738,Guangzhou Baiyun Int'l (CAN / ZGGG),Sun 02:14PM CST,Sun 03:59PM CST
364,DKH1846,A321,Chongqing Jiangbei Int'l (CKG / ZUCK),Sun 02:08PM CST,Sun 03:50PM CST
365,CES9778,A320,Sanya Phoenix Int'l (SYX / ZJSY),Sun 12:49PM CST,Sun 03:36PM CST
366,CSZ9159,B738,Beijing Capital Int'l (PEK / ZBAA),Sun 01:54PM CST,Sun 03:31PM CST
367,CSC3051,A320,Luzhou (LZO / ZULZ),Sun 01:12PM CST,Sun 03:15PM CST
368,CES2976,A320,Kunming Changshui Int'l (KMG / ZPPP),Sun 12:49PM CST,Sun 03:09PM CST
369,CSZ9807,B738,Shenzhen Bao'an Int'l (SZX / ZGSZ),Sun 12:52PM CST,Sun 02:49PM CST
370,QDA6131,A320,Penglai International (YNT / ZSYT),Sun 01:34PM CST,Sun 02:45PM CST
371,OTC7210,A320,Quanzhou Jinjiang (JJN / ZSQZ),Sun 01:26PM CST,Sun 02:44PM CST
372,CSZ8917,A320,Huizhou Pingtan Airport (HUZ / ZGHZ),Sun 12:30PM CST,Sun 02:09PM CST
373,CSZ8917,A320,Huizhou Pingtan Airport (HUZ / ZGHZ),Sun 12:30PM CST,Sun 02:09PM CST
374,JYH1046,B738,Dalian Zhoushuizi Int'l (DLC / ZYTL),Sun 12:35PM CST,Sun 02:06PM CST
375,CES2712,A320,Xiamen Gaoqi Int'l (XMN / ZSAM),Sun 12:38PM CST,Sun 02:05PM CST
376,DKH1853,A320,Qingdao Liuting Int'l (TAO / ZSQD),Sun 12:21PM CST,Sun 01:29PM CST
377,CSZ9530,B738,Zhuhai Int'l (ZUH / ZGSD),Sun 11:16AM CST,Sun 01:20PM CST
378,CES2768,A320,Beijing Daxing International Airport (PKX / ZBAD),Sun 11:44AM CST,Sun 01:17PM CST
379,CES2930,A320,Shenyang Taoxian Int'l (SHE / ZYTX),Sun 11:04AM CST,Sun 01:10PM CST
380,CSZ9819,B738,Guangzhou Baiyun Int'l (CAN / ZGGG),Sun 11:20AM CST,Sun 01:00PM CST
381,CSZ9803,B738,Shenzhen Bao'an Int'l (SZX / ZGSZ),Sun 10:54AM CST,Sun 12:46PM CST
382,EPA6217,B738,Shenzhen Bao'an Int'l (SZX / ZGSZ),Sun 10:40AM CST,Sun 12:37PM CST
383,CES2956,A321,Xi'an Xianyang Int'l (XIY / ZLXY),Sun 10:47AM CST,Sun 12:35PM CST
384,JYH1071,B738,Guiyang Longdongbao (KWE / ZUGY),Sun 10:05AM CST,Sun 12:23PM CST
385,CDC8035,A320,Guiyang Longdongbao (KWE / ZUGY),Sun 10:16AM CST,Sun 12:16PM CST
386,CSC8949,A321,Chongqing Jiangbei Int'l (CKG / ZUCK),Sun 10:20AM CST,Sun 12:04PM CST
387,OTC7147,A321,Kunming Changshui Int'l (KMG / ZPPP),Sun 09:42AM CST,Sun 11:56AM CST
388,CSZ9823,B738,Guangzhou Baiyun Int'l (CAN / ZGGG),Sun 10:09AM CST,Sun 11:48AM CST
389,DKH1862,A321,Fuzhou Changle Int'l (FOC / ZSFZ),Sun 10:19AM CST,Sun 11:27AM CST
390,CSZ8124,B738,Changsha Huanghua Int'l (CSX / ZGHA),Sun 09:54AM CST,Sun 11:10AM CST
391,CES2996,A320,Kunming Changshui Int'l (KMG / ZPPP),Sun 08:41AM CST,Sun 11:00AM CST
392,CES2732,A321,Beijing Capital Int'l (PEK / ZBAA),Sun 10:50AM CST,12:32PM CST (?)
393,CSZ9805,B738,Shenzhen Bao'an Int'l (SZX / ZGSZ),Sun 08:46AM CST,Sun 10:44AM CST
394,CSZ9821,B738,Guangzhou Baiyun Int'l (CAN / ZGGG),Sun 08:56AM CST,Sun 10:40AM CST
395,CES2862,A321,Beijing Daxing International Airport (PKX / ZBAD),Sun 09:00AM CST,Sun 10:36AM CST
396,DKH1908,A321,Harbin Taiping Int'l (HRB / ZYHB),Sun 07:39AM CST,Sun 10:20AM CST
397,CSZ8506,A320,Quanzhou Jinjiang (JJN / ZSQZ),Sun 08:18AM CST,Sun 09:35AM CST
398,CSZ9287,A320,Xi'an Xianyang Int'l (XIY / ZLXY),Sun 07:46AM CST,Sun 09:28AM CST
399,CES2933,A320,Dalian Zhoushuizi Int'l (DLC / ZYTL),Sun 07:40AM CST,Sun 09:08AM CST
400,CSZ9801,B738,Shenzhen Bao'an Int'l (SZX / ZGSZ),Sun 07:13AM CST,Sun 09:05AM CST
401,JYH1023,B738,Guangzhou Baiyun Int'l (CAN / ZGGG),Sun 07:01AM CST,Sun 08:45AM CST
402,CSZ9157,B738,Beijing Capital Int'l (PEK / ZBAA),Sun 07:01AM CST,Sun 08:42AM CST
403,CSZ8205,A320,Xi'an Xianyang Int'l (XIY / ZLXY),Sun 06:53AM CST,Sun 08:33AM CST
404,CSS6945,B763,Beijing Capital Int'l (PEK / ZBAA),Sun 01:33AM CST,Sun 03:09AM CST
405,CES2978,A321,Shenzhen Bao'an Int'l (SZX / ZGSZ),Sat 11:31PM CST,Sun 01:17AM CST
406,CES2966,A321,Changsha Huanghua Int'l (CSX / ZGHA),Sat 11:38PM CST,Sun 12:45AM CST
407,CES2908,A321,Guangzhou Baiyun Int'l (CAN / ZGGG),Sat 10:57PM CST,Sun 12:38AM CST
408,CSZ9817,B738,Shenzhen Bao'an Int'l (SZX / ZGSZ),Sat 10:32PM CST,Sun 12:22AM CST
409,CSZ9831,B738,Guangzhou Baiyun Int'l (CAN / ZGGG),Sat 10:21PM CST,Sat 11:58PM CST
410,CSZ9831,B738,Guangzhou Baiyun Int'l (CAN / ZGGG),Sat 10:21PM CST,Sat 11:58PM CST
411,CES2968,A320,Xi'an Xianyang Int'l (XIY / ZLXY),Sat 10:12PM CST,Sat 11:55PM CST
412,CES2988,A320,Chongqing Jiangbei Int'l (CKG / ZUCK),Sat 09:27PM CST,Sat 11:19PM CST
413,DKH1858,A321,Qingdao Liuting Int'l (TAO / ZSQD),Sat 10:08PM CST,Sat 11:14PM CST
414,CSZ9815,B738,Shenzhen Bao'an Int'l (SZX / ZGSZ),Sat 09:14PM CST,Sat 11:10PM CST
415,DKH1852,A321,Nanning Wuxu Int'l (NNG / ZGNN),Sat 08:35PM CST,Sat 10:34PM CST
416,CSZ8520,B738,Shubuling (LYI / ZSLY),Sat 09:35PM CST,Sat 10:28PM CST
417,CES2998,A320,Yinchuan Helanshan (INC / ZLIC),Sat 08:20PM CST,Sat 10:23PM CST
418,CSZ9813,B738,Shenzhen Bao'an Int'l (SZX / ZGSZ),Sat 08:13PM CST,Sat 10:05PM CST
419,CES2950,A320,Beijing Capital Int'l (PEK / ZBAA),Sat 08:26PM CST,Sat 10:04PM CST
420,CES2986,A320,Kunming Changshui Int'l (KMG / ZPPP),Sat 07:35PM CST,Sat 09:55PM CST
421,CSZ9544,B738,Chengdu Shuangliu Int'l (CTU / ZUUU),Sat 07:34PM CST,Sat 09:35PM CST
422,CSC8761,A320,Kunming Changshui Int'l (KMG / ZPPP),Sat 07:01PM CST,Sat 09:20PM CST
423,CSZ9285,B738,Xi'an Xianyang Int'l (XIY / ZLXY),Sat 07:28PM CST,Sat 09:14PM CST
424,RLH6542,B733,Harbin Taiping Int'l (HRB / ZYHB),Sat 06:26PM CST,Sat 09:10PM CST
425,CSZ8518,B738,Chongqing Jiangbei Int'l (CKG / ZUCK),Sat 07:20PM CST,Sat 09:00PM CST
426,CES2718,A320,Xiamen Gaoqi Int'l (XMN / ZSAM),Sat 07:15PM CST,Sat 08:35PM CST
427,EPA6218,B738,Changchun Longjia Int'l (CGQ / ZYCC),Sat 05:30PM CST,Sat 08:07PM CST
428,CSZ8161,A320,Yuncheng (YCU / ZBYC),Sat 06:18PM CST,Sat 08:03PM CST
429,CES9786,A320,Chongqing Jiangbei Int'l (CKG / ZUCK),Sat 06:25PM CST,Sat 08:03PM CST
430,CSN3209,A330,Shenzhen Bao'an Int'l (SZX / ZGSZ),Sat 05:58PM CST,Sat 07:53PM CST
431,CES2918,A321,Guangzhou Baiyun Int'l (CAN / ZGGG),Sat 06:00PM CST,Sat 07:48PM CST
432,DKH1907,A321,Huizhou Pingtan Airport (HUZ / ZGHZ),Sat 05:55PM CST,Sat 07:44PM CST
433,CES9780,A320,Shenyang Taoxian Int'l (SHE / ZYTX),Sat 07:42PM CST,09:48PM CST (?)
434,JYH1072,B738,Shenyang Taoxian Int'l (SHE / ZYTX),Sat 05:21PM CST,Sat 07:41PM CST
435,DKH1854,A320,Sanya Phoenix Int'l (SYX / ZJSY),Sat 04:47PM CST,Sat 07:36PM CST
436,CSZ8524,A320,Guiyang Longdongbao (KWE / ZUGY),Sat 05:38PM CST,Sat 07:32PM CST
437,OTC7148,A321,Changchun Longjia Int'l (CGQ / ZYCC),Sat 04:55PM CST,Sat 07:26PM CST
438,CSN3917,A21N,Guangzhou Baiyun Int'l (CAN / ZGGG),Sat 05:34PM CST,Sat 07:22PM CST
439,CSZ9811,B738,Shenzhen Bao'an Int'l (SZX / ZGSZ),Sat 05:18PM CST,Sat 07:18PM CST
440,CSZ8508,A320,Quanzhou Jinjiang (JJN / ZSQZ),Sat 05:55PM CST,Sat 07:12PM CST
441,CES2738,A321,Xi'an Xianyang Int'l (XIY / ZLXY),Sat 05:26PM CST,Sat 07:04PM CST
442,CXA8537,B738,Fuzhou Changle Int'l (FOC / ZSFZ),Sat 05:45PM CST,Sat 06:58PM CST
443,CES2980,A321,Xiamen Gaoqi Int'l (XMN / ZSAM),Sat 04:46PM CST,Sat 06:15PM CST
444,DKH1848,A20N,Changsha Huanghua Int'l (CSX / ZGHA),Sat 04:49PM CST,Sat 06:09PM CST
445,CSZ8542,B738,Yichang (YIH / ZHYC),Sat 04:46PM CST,Sat 06:07PM CST
446,OTC7251,A320,Changsha Huanghua Int'l (CSX / ZGHA),Sat 04:51PM CST,Sat 06:01PM CST
447,CSZ9809,B738,Shenzhen Bao'an Int'l (SZX / ZGSZ),Sat 03:35PM CST,Sat 05:29PM CST
448,CES2702,A321,Qingdao Liuting Int'l (TAO / ZSQD),Sat 04:01PM CST,Sat 05:11PM CST
449,CES2850,A320,Zunyi (ZYI / ZUZY),Sat 03:31PM CST,Sat 05:10PM CST
450,CSZ9829,B738,Guangzhou Baiyun Int'l (CAN / ZGGG),Sat 03:26PM CST,Sat 05:06PM CST
451,CES2934,A320,Zhanjiang (ZHA / ZGZJ),Sat 02:56PM CST,Sat 04:59PM CST
452,CSZ9825,B738,Guangzhou Baiyun Int'l (CAN / ZGGG),Sat 02:15PM CST,Sat 03:53PM CST
453,CSZ9159,B738,Beijing Capital Int'l (PEK / ZBAA),Sat 01:53PM CST,Sat 03:32PM CST
454,CES2976,A320,Kunming Changshui Int'l (KMG / ZPPP),Sat 12:44PM CST,Sat 03:01PM CST
455,CSZ9807,B738,Shenzhen Bao'an Int'l (SZX / ZGSZ),Sat 12:45PM CST,Sat 02:36PM CST
456,CSZ8917,A320,Huizhou Pingtan Airport (HUZ / ZGHZ),Sat 12:37PM CST,Sat 02:26PM CST
457,CES2906,A321,Chengdu Shuangliu Int'l (CTU / ZUUU),Sat 12:11PM CST,Sat 02:22PM CST
458,CES2712,A320,Xiamen Gaoqi Int'l (XMN / ZSAM),Sat 12:36PM CST,Sat 02:06PM CST
459,DKH1846,A321,Chongqing Jiangbei Int'l (CKG / ZUCK),Sat 12:08PM CST,Sat 02:00PM CST
460,JYH1046,B738,Dalian Zhoushuizi Int'l (DLC / ZYTL),Sat 12:19PM CST,Sat 01:56PM CST
461,CSZ9540,B738,Taiyuan Wusu (TYN / ZBYN),Sat 11:57AM CST,Sat 01:39PM CST
462,CES2768,A320,Beijing Daxing International Airport (PKX / ZBAD),Sat 11:47AM CST,Sat 01:22PM CST
463,CES2930,A320,Shenyang Taoxian Int'l (SHE / ZYTX),Sat 11:07AM CST,Sat 01:17PM CST
464,CSZ9530,B738,Zhuhai Int'l (ZUH / ZGSD),Sat 11:13AM CST,Sat 01:16PM CST
465,CSZ9819,B738,Guangzhou Baiyun Int'l (CAN / ZGGG),Sat 11:20AM CST,Sat 01:12PM CST
466,CSZ9803,B738,Shenzhen Bao'an Int'l (SZX / ZGSZ),Sat 10:59AM CST,Sat 01:08PM CST
467,CES2958,A320,Chongqing Jiangbei Int'l (CKG / ZUCK),Sat 11:15AM CST,Sat 01:04PM CST
468,CES2734,A320,Zhuhai Int'l (ZUH / ZGSD),Sat 01:01PM CST,02:51PM CST (?)
469,EPA6217,B738,Shenzhen Bao'an Int'l (SZX / ZGSZ),Sat 10:39AM CST,Sat 12:43PM CST
470,CES2956,A321,Xi'an Xianyang Int'l (XIY / ZLXY),Sat 10:47AM CST,Sat 12:34PM CST
471,CES2732,A321,Beijing Capital Int'l (PEK / ZBAA),Sat 10:45AM CST,Sat 12:30PM CST
472,JYH1071,B738,Guiyang Longdongbao (KWE / ZUGY),Sat 10:05AM CST,Sat 12:27PM CST
473,CDC8035,A320,Guiyang Longdongbao (KWE / ZUGY),Sat 10:18AM CST,Sat 12:17PM CST
474,CSZ9823,B738,Guangzhou Baiyun Int'l (CAN / ZGGG),Sat 10:15AM CST,Sat 12:07PM CST
475,OTC7147,A321,Kunming Changshui Int'l (KMG / ZPPP),Sat 09:44AM CST,Sat 12:02PM CST
476,CSZ8124,B738,Changsha Huanghua Int'l (CSX / ZGHA),Sat 10:33AM CST,Sat 11:56AM CST
477,RLH6541,B733,Kunming Changshui Int'l (KMG / ZPPP),Sat 09:22AM CST,Sat 11:39AM CST
478,DKH1862,A321,Fuzhou Changle Int'l (FOC / ZSFZ),Sat 10:16AM CST,Sat 11:31AM CST
479,CES2996,A320,Kunming Changshui Int'l (KMG / ZPPP),Sat 08:47AM CST,Sat 11:07AM CST
480,CSZ9805,B738,Shenzhen Bao'an Int'l (SZX / ZGSZ),Sat 08:55AM CST,Sat 11:00AM CST
481,DKH1853,A320,Qingdao Liuting Int'l (TAO / ZSQD),Sat 09:50AM CST,Sat 10:55AM CST
482,CSZ9821,B738,Guangzhou Baiyun Int'l (CAN / ZGGG),Sat 08:59AM CST,Sat 10:47AM CST
483,CES2862,A321,Beijing Daxing International Airport (PKX / ZBAD),Sat 09:13AM CST,Sat 10:41AM CST
484,CSC8623,A330,Chengdu Shuangliu Int'l (CTU / ZUUU),Sat 08:18AM CST,Sat 10:19AM CST
485,DKH1908,A321,Harbin Taiping Int'l (HRB / ZYHB),Sat 07:31AM CST,Sat 10:11AM CST
486,CSZ8205,A320,Xi'an Xianyang Int'l (XIY / ZLXY),Sat 07:57AM CST,Sat 09:48AM CST
487,CSZ8506,A320,Quanzhou Jinjiang (JJN / ZSQZ),Sat 08:14AM CST,Sat 09:44AM CST
488,CES2933,A320,Dalian Zhoushuizi Int'l (DLC / ZYTL),Sat 07:56AM CST,Sat 09:27AM CST
489,CSZ9801,B738,Shenzhen Bao'an Int'l (SZX / ZGSZ),Sat 07:22AM CST,Sat 09:19AM CST
490,JYH1023,B738,Guangzhou Baiyun Int'l (CAN / ZGGG),Sat 06:58AM CST,Sat 08:44AM CST
491,CSZ9157,B738,Beijing Capital Int'l (PEK / ZBAA),Sat 06:45AM CST,Sat 08:22AM CST
492,CSC8949,A321,Chongqing Jiangbei Int'l (CKG / ZUCK),Sat 06:12AM CST,Sat 07:50AM CST
493,CSS6945,B763,Beijing Capital Int'l (PEK / ZBAA),Sat 12:34AM CST,Sat 02:08AM CST
494,CES2978,A321,Shenzhen Bao'an Int'l (SZX / ZGSZ),Fri 11:28PM CST,Sat 01:24AM CST
495,CES2966,A321,Changsha Huanghua Int'l (CSX / ZGHA),Fri 11:48PM CST,Sat 12:53AM CST
496,CES2908,A321,Guangzhou Baiyun Int'l (CAN / ZGGG),Fri 11:00PM CST,Sat 12:42AM CST
497,CSZ9817,B738,Shenzhen Bao'an Int'l (SZX / ZGSZ),Fri 10:27PM CST,Sat 12:25AM CST
498,CSZ9831,B738,Guangzhou Baiyun Int'l (CAN / ZGGG),Fri 10:34PM CST,Sat 12:18AM CST
499,CES2968,A320,Xi'an Xianyang Int'l (XIY / ZLXY),Fri 10:25PM CST,Sat 12:07AM CST
500,CSZ9815,B738,Shenzhen Bao'an Int'l (SZX / ZGSZ),Fri 09:27PM CST,Fri 11:28PM CST
501,CSZ9831,B738,Guangzhou Baiyun Int'l (CAN / ZGGG),Fri 10:34PM CST,Sat 12:18AM CST
502,CES2968,A320,Xi'an Xianyang Int'l (XIY / ZLXY),Fri 10:25PM CST,Sat 12:07AM CST
503,CSZ9815,B738,Shenzhen Bao'an Int'l (SZX / ZGSZ),Fri 09:27PM CST,Fri 11:28PM CST
504,CES2988,A320,Chongqing Jiangbei Int'l (CKG / ZUCK),Fri 09:28PM CST,Fri 11:15PM CST
505,OTC7234,A320,Lijiang (LJG / ZPLJ),Fri 09:00PM CST,Fri 11:10PM CST
506,DKH1858,A321,Qingdao Liuting Int'l (TAO / ZSQD),Fri 09:53PM CST,Fri 11:04PM CST
507,CSZ8520,B738,Shubuling (LYI / ZSLY),Fri 09:38PM CST,Fri 10:35PM CST
508,CES2998,A320,Yinchuan Helanshan (INC / ZLIC),Fri 08:20PM CST,Fri 10:33PM CST
509,DKH1852,A321,Nanning Wuxu Int'l (NNG / ZGNN),Fri 08:24PM CST,Fri 10:29PM CST
510,CSZ9813,B738,Shenzhen Bao'an Int'l (SZX / ZGSZ),Fri 08:19PM CST,Fri 10:24PM CST
511,CES2950,A320,Beijing Capital Int'l (PEK / ZBAA),Fri 08:19PM CST,Fri 09:55PM CST
512,CES9780,A320,Shenyang Taoxian Int'l (SHE / ZYTX),Fri 07:46PM CST,Fri 09:49PM CST
513,CSZ9544,B738,Chengdu Shuangliu Int'l (CTU / ZUUU),Fri 07:29PM CST,Fri 09:28PM CST
514,CSC8761,A320,Kunming Changshui Int'l (KMG / ZPPP),Fri 07:03PM CST,Fri 09:15PM CST
515,CSZ9285,B738,Xi'an Xianyang Int'l (XIY / ZLXY),Fri 07:21PM CST,Fri 09:09PM CST
516,CSZ8518,B738,Chongqing Jiangbei Int'l (CKG / ZUCK),Fri 07:21PM CST,Fri 09:02PM CST
517,RLH6556,B733,Shenyang Taoxian Int'l (SHE / ZYTX),Fri 06:55PM CST,Fri 08:57PM CST
518,CES2718,A320,Xiamen Gaoqi Int'l (XMN / ZSAM),Fri 07:24PM CST,Fri 08:42PM CST
519,CSC8625,A330,Chengdu Shuangliu Int'l (CTU / ZUUU),Fri 06:10PM CST,Fri 08:14PM CST
520,EPA6218,B738,Changchun Longjia Int'l (CGQ / ZYCC),Fri 05:30PM CST,Fri 08:05PM CST
521,CES2918,A321,Guangzhou Baiyun Int'l (CAN / ZGGG),Fri 06:10PM CST,Fri 08:01PM CST
522,CSN3209,A330,Shenzhen Bao'an Int'l (SZX / ZGSZ),Fri 06:04PM CST,Fri 07:58PM CST
523,RLH6555,B733,Kunming Changshui Int'l (KMG / ZPPP),Fri 05:35PM CST,Fri 07:53PM CST
524,CSZ8161,A320,Yuncheng (YCU / ZBYC),Fri 06:06PM CST,Fri 07:50PM CST
525,CES9786,A320,Chongqing Jiangbei Int'l (CKG / ZUCK),Fri 06:01PM CST,Fri 07:46PM CST
526,DKH1854,A320,Sanya Phoenix Int'l (SYX / ZJSY),Fri 04:44PM CST,Fri 07:41PM CST
527,CES9795,A320,Yining (YIN / ZWYN),Fri 03:17PM CST,Fri 07:40PM CST
528,DKH1907,A321,Huizhou Pingtan Airport (HUZ / ZGHZ),Fri 05:49PM CST,Fri 07:35PM CST
529,CES2986,A320,Kunming Changshui Int'l (KMG / ZPPP),Fri 07:34PM CST,09:53PM CST (?)
530,JYH1072,B738,Shenyang Taoxian Int'l (SHE / ZYTX),Fri 05:25PM CST,Fri 07:30PM CST
531,OTC7148,A321,Changchun Longjia Int'l (CGQ / ZYCC),Fri 04:56PM CST,Fri 07:30PM CST
532,CSZ8524,A320,Guiyang Longdongbao (KWE / ZUGY),Fri 05:30PM CST,Fri 07:22PM CST
533,CSN3917,A21N,Guangzhou Baiyun Int'l (CAN / ZGGG),Fri 05:38PM CST,Fri 07:20PM CST
534,CES2738,A321,Xi'an Xianyang Int'l (XIY / ZLXY),Fri 05:33PM CST,Fri 07:16PM CST
535,CSZ9811,B738,Shenzhen Bao'an Int'l (SZX / ZGSZ),Fri 05:16PM CST,Fri 07:16PM CST
536,CSZ8058,B738,Narita Int'l (NRT / RJAA),Fri 04:43PM JST,Fri 07:10PM CST
537,CXA8537,B737,Fuzhou Changle Int'l (FOC / ZSFZ),Fri 05:50PM CST,Fri 06:59PM CST
538,OTC7251,A320,Changsha Huanghua Int'l (CSX / ZGHA),Fri 05:09PM CST,Fri 06:16PM CST
539,CES2980,A321,Xiamen Gaoqi Int'l (XMN / ZSAM),Fri 04:53PM CST,Fri 06:14PM CST
540,DKH1848,A20N,Changsha Huanghua Int'l (CSX / ZGHA),Fri 04:50PM CST,Fri 06:08PM CST
541,CSZ8542,B738,Yichang (YIH / ZHYC),Fri 04:48PM CST,Fri 06:04PM CST
542,CES2702,A321,Qingdao Liuting Int'l (TAO / ZSQD),Fri 04:47PM CST,Fri 05:53PM CST
543,CES2850,A320,Zunyi (ZYI / ZUZY),Fri 03:58PM CST,Fri 05:48PM CST
544,CSZ9809,B738,Shenzhen Bao'an Int'l (SZX / ZGSZ),Fri 03:26PM CST,Fri 05:22PM CST
545,CES2934,A320,Zhanjiang (ZHA / ZGZJ),Fri 03:14PM CST,Fri 05:20PM CST
546,CSZ9829,B738,Guangzhou Baiyun Int'l (CAN / ZGGG),Fri 03:25PM CST,Fri 05:11PM CST
547,CES9778,A320,Sanya Phoenix Int'l (SYX / ZJSY),Fri 01:23PM CST,Fri 04:06PM CST
548,CSZ9825,B738,Guangzhou Baiyun Int'l (CAN / ZGGG),Fri 02:06PM CST,Fri 03:51PM CST
549,CSZ9159,B738,Beijing Capital Int'l (PEK / ZBAA),Fri 01:53PM CST,Fri 03:29PM CST
550,CES2976,A320,Kunming Changshui Int'l (KMG / ZPPP),Fri 01:03PM CST,Fri 03:20PM CST
551,OTC7210,A320,Quanzhou Jinjiang (JJN / ZSQZ),Fri 01:41PM CST,Fri 03:01PM CST
552,CSZ9807,B738,Shenzhen Bao'an Int'l (SZX / ZGSZ),Fri 12:52PM CST,Fri 02:54PM CST
553,CSZ8917,A320,Huizhou Pingtan Airport (HUZ / ZGHZ),Fri 12:57PM CST,Fri 02:41PM CST
554,CES2930,A320,Shenyang Taoxian Int'l (SHE / ZYTX),Fri 12:26PM CST,Fri 02:22PM CST
555,CES2906,A321,Chengdu Shuangliu Int'l (CTU / ZUUU),Fri 12:09PM CST,Fri 02:18PM CST
556,CES2906,A321,Chengdu Shuangliu Int'l (CTU / ZUUU),Fri 12:09PM CST,Fri 02:18PM CST
557,JYH1046,B738,Dalian Zhoushuizi Int'l (DLC / ZYTL),Fri 12:40PM CST,Fri 02:15PM CST
558,DKH1846,A321,Chongqing Jiangbei Int'l (CKG / ZUCK),Fri 12:21PM CST,Fri 02:07PM CST
559,CES2712,A320,Xiamen Gaoqi Int'l (XMN / ZSAM),Fri 12:38PM CST,Fri 02:01PM CST
560,CSZ9530,B738,Zhuhai Int'l (ZUH / ZGSD),Fri 11:44AM CST,Fri 01:41PM CST
561,CSZ8516,B738,Nanning Wuxu Int'l (NNG / ZGNN),Fri 11:20AM CST,Fri 01:27PM CST
562,CSZ9819,B738,Guangzhou Baiyun Int'l (CAN / ZGGG),Fri 11:27AM CST,Fri 01:21PM CST
563,CSZ9803,B738,Shenzhen Bao'an Int'l (SZX / ZGSZ),Fri 11:08AM CST,Fri 01:10PM CST
564,CES2958,A320,Chongqing Jiangbei Int'l (CKG / ZUCK),Fri 11:22AM CST,Fri 01:01PM CST
565,EPA6217,B738,Shenzhen Bao'an Int'l (SZX / ZGSZ),Fri 10:41AM CST,Fri 12:45PM CST
566,CES2956,A321,Xi'an Xianyang Int'l (XIY / ZLXY),Fri 10:46AM CST,Fri 12:28PM CST
567,CES2732,A321,Beijing Capital Int'l (PEK / ZBAA),Fri 10:41AM CST,Fri 12:18PM CST
568,CDC8035,A320,Guiyang Longdongbao (KWE / ZUGY),Fri 10:07AM CST,Fri 12:13PM CST
569,JYH1071,B738,Guiyang Longdongbao (KWE / ZUGY),Fri 10:05AM CST,Fri 12:11PM CST
570,CSZ9823,B738,Guangzhou Baiyun Int'l (CAN / ZGGG),Fri 10:15AM CST,Fri 12:07PM CST
571,OTC7147,A321,Kunming Changshui Int'l (KMG / ZPPP),Fri 09:41AM CST,Fri 11:54AM CST
572,DKH1862,A321,Fuzhou Changle Int'l (FOC / ZSFZ),Fri 10:33AM CST,Fri 11:40AM CST
573,CES2768,A320,Beijing Daxing International Airport (PKX / ZBAD),Fri 11:39AM CST,01:07PM CST (?)
574,CSZ9546,A320,Chengdu Shuangliu Int'l (CTU / ZUUU),Fri 09:25AM CST,Fri 11:25AM CST
575,CSZ8124,B738,Changsha Huanghua Int'l (CSX / ZGHA),Fri 09:44AM CST,Fri 11:14AM CST
576,DKH1853,A320,Qingdao Liuting Int'l (TAO / ZSQD),Fri 09:46AM CST,Fri 11:06AM CST
577,CES2996,A320,Kunming Changshui Int'l (KMG / ZPPP),Fri 08:34AM CST,Fri 11:04AM CST
578,CSZ9805,B738,Shenzhen Bao'an Int'l (SZX / ZGSZ),Fri 08:52AM CST,Fri 10:58AM CST
579,CSZ9821,B738,Guangzhou Baiyun Int'l (CAN / ZGGG),Fri 08:56AM CST,Fri 10:55AM CST
580,CES2862,A321,Beijing Daxing International Airport (PKX / ZBAD),Fri 09:08AM CST,Fri 10:41AM CST
581,DKH1908,A321,Harbin Taiping Int'l (HRB / ZYHB),Fri 07:37AM CST,Fri 10:18AM CST
582,CSZ8506,A320,Quanzhou Jinjiang (JJN / ZSQZ),Fri 08:14AM CST,Fri 09:29AM CST
583,CSZ9287,A320,Xi'an Xianyang Int'l (XIY / ZLXY),Fri 07:42AM CST,Fri 09:24AM CST
584,CSZ9801,B738,Shenzhen Bao'an Int'l (SZX / ZGSZ),Fri 07:18AM CST,Fri 09:14AM CST
585,CES2933,A320,Dalian Zhoushuizi Int'l (DLC / ZYTL),Fri 07:38AM CST,Fri 09:06AM CST
586,JYH1023,B738,Guangzhou Baiyun Int'l (CAN / ZGGG),Fri 06:58AM CST,Fri 08:52AM CST
587,CSZ8205,A320,Xi'an Xianyang Int'l (XIY / ZLXY),Fri 06:56AM CST,Fri 08:33AM CST
588,CSZ9157,B738,Beijing Capital Int'l (PEK / ZBAA),Fri 06:40AM CST,Fri 08:16AM CST
589,CSC8949,A321,Chongqing Jiangbei Int'l (CKG / ZUCK),Fri 06:11AM CST,Fri 07:52AM CST
590,CSS6945,73F,Beijing Capital Int'l (PEK / ZBAA),Fri 12:44AM CST,Fri 02:14AM CST
591,CES2978,A321,Shenzhen Bao'an Int'l (SZX / ZGSZ),Thu 11:38PM CST,Fri 01:29AM CST
592,CES2908,A321,Guangzhou Baiyun Int'l (CAN / ZGGG),Thu 11:24PM CST,Fri 01:11AM CST
593,CES2908,A321,Guangzhou Baiyun Int'l (CAN / ZGGG),Thu 11:24PM CST,Fri 01:11AM CST
594,CSZ9831,B738,Guangzhou Baiyun Int'l (CAN / ZGGG),Thu 11:17PM CST,Fri 01:04AM CST
595,CES2966,A321,Changsha Huanghua Int'l (CSX / ZGHA),Thu 11:45PM CST,Fri 12:52AM CST
596,CSZ9817,B738,Shenzhen Bao'an Int'l (SZX / ZGSZ),Thu 10:27PM CST,Fri 12:27AM CST
597,CES2968,A320,Xi'an Xianyang Int'l (XIY / ZLXY),Thu 10:12PM CST,Thu 11:48PM CST
598,DKH1858,A321,Qingdao Liuting Int'l (TAO / ZSQD),Thu 09:53PM CST,Thu 11:06PM CST
599,CES2988,A320,Chongqing Jiangbei Int'l (CKG / ZUCK),Thu 09:16PM CST,Thu 11:03PM CST
600,CSZ9815,B738,Shenzhen Bao'an Int'l (SZX / ZGSZ),Thu 09:05PM CST,Thu 10:59PM CST
601,DKH1852,A321,Nanning Wuxu Int'l (NNG / ZGNN),Thu 08:36PM CST,Thu 10:49PM CST
602,CSZ8520,B738,Shubuling (LYI / ZSLY),Thu 09:42PM CST,Thu 10:36PM CST
603,CES2998,A320,Yinchuan Helanshan (INC / ZLIC),Thu 08:20PM CST,Thu 10:24PM CST
604,CSZ9813,B738,Shenzhen Bao'an Int'l (SZX / ZGSZ),Thu 08:14PM CST,Thu 10:14PM CST
605,CES9780,A320,Shenyang Taoxian Int'l (SHE / ZYTX),Thu 08:14PM CST,Thu 10:09PM CST
606,CES2950,A320,Beijing Capital Int'l (PEK / ZBAA),Thu 08:32PM CST,Thu 10:06PM CST
607,CES2986,A320,Kunming Changshui Int'l (KMG / ZPPP),Thu 07:29PM CST,Thu 09:47PM CST
608,CSC8761,A320,Kunming Changshui Int'l (KMG / ZPPP),Thu 07:23PM CST,Thu 09:35PM CST
609,CSZ9544,B738,Chengdu Shuangliu Int'l (CTU / ZUUU),Thu 07:33PM CST,Thu 09:33PM CST
610,CES9786,A320,Chongqing Jiangbei Int'l (CKG / ZUCK),Thu 07:32PM CST,Thu 09:18PM CST
611,CSZ9285,B738,Xi'an Xianyang Int'l (XIY / ZLXY),Thu 07:30PM CST,Thu 09:14PM CST
612,CSZ8518,B738,Chongqing Jiangbei Int'l (CKG / ZUCK),Thu 07:21PM CST,Thu 09:08PM CST
613,CES2718,A320,Xiamen Gaoqi Int'l (XMN / ZSAM),Thu 07:25PM CST,Thu 08:49PM CST
614,EPA6218,B738,Changchun Longjia Int'l (CGQ / ZYCC),Thu 05:54PM CST,Thu 08:21PM CST
615,RLH6542,B733,Harbin Taiping Int'l (HRB / ZYHB),Thu 05:30PM CST,Thu 08:16PM CST
616,CSN3209,A330,Shenzhen Bao'an Int'l (SZX / ZGSZ),Thu 06:09PM CST,Thu 08:11PM CST
617,OTC7148,A321,Changchun Longjia Int'l (CGQ / ZYCC),Thu 05:37PM CST,Thu 08:06PM CST
618,JYH1072,B738,Shenyang Taoxian Int'l (SHE / ZYTX),Thu 05:52PM CST,Thu 07:59PM CST
619,CES2918,A321,Guangzhou Baiyun Int'l (CAN / ZGGG),Thu 06:02PM CST,Thu 07:59PM CST
620,CSN3917,A21N,Guangzhou Baiyun Int'l (CAN / ZGGG),Thu 06:13PM CST,Thu 07:54PM CST
621,DKH1907,A321,Huizhou Pingtan Airport (HUZ / ZGHZ),Thu 06:00PM CST,Thu 07:50PM CST
622,CSZ8161,A320,Yuncheng (YCU / ZBYC),Thu 06:10PM CST,Thu 07:44PM CST
623,DKH1854,A20N,Sanya Phoenix Int'l (SYX / ZJSY),Thu 04:43PM CST,Thu 07:35PM CST
624,CSZ8524,A320,Guiyang Longdongbao (KWE / ZUGY),Thu 05:33PM CST,Thu 07:30PM CST
625,CSZ9811,B738,Shenzhen Bao'an Int'l (SZX / ZGSZ),Thu 05:28PM CST,Thu 07:23PM CST
626,CES2738,A321,Xi'an Xianyang Int'l (XIY / ZLXY),Thu 05:34PM CST,Thu 07:16PM CST
627,CXA8537,B738,Fuzhou Changle Int'l (FOC / ZSFZ),Thu 05:49PM CST,Thu 07:10PM CST
628,OTC7251,A320,Changsha Huanghua Int'l (CSX / ZGHA),Thu 05:10PM CST,Thu 06:26PM CST
629,CES2980,A321,Xiamen Gaoqi Int'l (XMN / ZSAM),Thu 04:52PM CST,Thu 06:15PM CST
630,CES2980,A321,Xiamen Gaoqi Int'l (XMN / ZSAM),Thu 04:52PM CST,Thu 06:15PM CST
631,DKH1848,A20N,Changsha Huanghua Int'l (CSX / ZGHA),Thu 04:50PM CST,Thu 06:12PM CST
632,CSZ8542,B738,Yichang (YIH / ZHYC),Thu 04:50PM CST,Thu 06:06PM CST
633,JYH1089,B738,Guiyang Longdongbao (KWE / ZUGY),Thu 04:00PM CST,Thu 06:03PM CST
634,CES2850,A320,Zunyi (ZYI / ZUZY),Thu 03:59PM CST,Thu 05:42PM CST
635,CSZ9809,B738,Shenzhen Bao'an Int'l (SZX / ZGSZ),Thu 03:32PM CST,Thu 05:32PM CST
636,CSZ9829,B738,Guangzhou Baiyun Int'l (CAN / ZGGG),Thu 03:20PM CST,Thu 05:11PM CST
637,CES2702,A321,Qingdao Liuting Int'l (TAO / ZSQD),Thu 03:59PM CST,Thu 05:08PM CST
638,CES2934,A320,Zhanjiang (ZHA / ZGZJ),Thu 02:31PM CST,Thu 04:44PM CST
639,CSZ9825,B738,Guangzhou Baiyun Int'l (CAN / ZGGG),Thu 02:05PM CST,Thu 03:57PM CST
640,CDC8739,A320,Dalian Zhoushuizi Int'l (DLC / ZYTL),Thu 02:00PM CST,Thu 03:37PM CST
641,CSZ9159,B738,Beijing Capital Int'l (PEK / ZBAA),Thu 02:01PM CST,Thu 03:35PM CST
642,CSZ9807,B738,Shenzhen Bao'an Int'l (SZX / ZGSZ),Thu 01:06PM CST,Thu 03:21PM CST
643,CES2976,A320,Kunming Changshui Int'l (KMG / ZPPP),Thu 12:57PM CST,Thu 03:18PM CST
644,QDA6131,A320,Penglai International (YNT / ZSYT),Thu 01:45PM CST,Thu 03:08PM CST
645,CES2734,A320,Zhuhai Int'l (ZUH / ZGSD),Thu 12:55PM CST,Thu 03:04PM CST
646,JYH1046,B738,Dalian Zhoushuizi Int'l (DLC / ZYTL),Thu 01:10PM CST,Thu 02:59PM CST
647,CES2712,A320,Xiamen Gaoqi Int'l (XMN / ZSAM),Thu 01:13PM CST,Thu 02:52PM CST
648,CSZ8917,A320,Huizhou Pingtan Airport (HUZ / ZGHZ),Thu 12:33PM CST,Thu 02:48PM CST
649,CES2906,A321,Chengdu Shuangliu Int'l (CTU / ZUUU),Thu 12:21PM CST,Thu 02:32PM CST
650,DKH1846,A321,Chongqing Jiangbei Int'l (CKG / ZUCK),Thu 12:23PM CST,Thu 02:04PM CST
651,CSZ9540,B738,Taiyuan Wusu (TYN / ZBYN),Thu 11:58AM CST,Thu 01:43PM CST
652,CSZ9803,B738,Shenzhen Bao'an Int'l (SZX / ZGSZ),Thu 11:30AM CST,Thu 01:40PM CST
653,CES2768,A320,Beijing Daxing International Airport (PKX / ZBAD),Thu 12:00PM CST,Thu 01:35PM CST
654,CSZ9530,B738,Zhuhai Int'l (ZUH / ZGSD),Thu 11:28AM CST,Thu 01:32PM CST
655,EPA6217,B738,Shenzhen Bao'an Int'l (SZX / ZGSZ),Thu 11:13AM CST,Thu 01:22PM CST
656,CES2958,A320,Chongqing Jiangbei Int'l (CKG / ZUCK),Thu 11:38AM CST,Thu 01:19PM CST
657,CSZ9819,B738,Guangzhou Baiyun Int'l (CAN / ZGGG),Thu 11:25AM CST,Thu 01:17PM CST
658,CES2930,A320,Shenyang Taoxian Int'l (SHE / ZYTX),Thu 11:03AM CST,Thu 01:03PM CST
659,JYH1071,B738,Guiyang Longdongbao (KWE / ZUGY),Thu 10:05AM CST,Thu 12:53PM CST
660,CDC8035,A320,Guiyang Longdongbao (KWE / ZUGY),Thu 10:33AM CST,Thu 12:32PM CST
661,OTC7147,A321,Kunming Changshui Int'l (KMG / ZPPP),Thu 10:05AM CST,Thu 12:27PM CST
662,CES2956,A321,Xi'an Xianyang Int'l (XIY / ZLXY),Thu 10:44AM CST,Thu 12:22PM CST
663,CES2732,A321,Beijing Capital Int'l (PEK / ZBAA),Thu 10:39AM CST,Thu 12:14PM CST
664,CSZ9546,A320,Chengdu Shuangliu Int'l (CTU / ZUUU),Thu 10:03AM CST,Thu 12:11PM CST
665,CSZ9823,B738,Guangzhou Baiyun Int'l (CAN / ZGGG),Thu 10:07AM CST,Thu 12:06PM CST
666,RLH6541,B733,Kunming Changshui Int'l (KMG / ZPPP),Thu 09:33AM CST,Thu 11:51AM CST
667,CSZ8124,B738,Changsha Huanghua Int'l (CSX / ZGHA),Thu 10:12AM CST,Thu 11:35AM CST
668,DKH1862,A321,Fuzhou Changle Int'l (FOC / ZSFZ),Thu 10:08AM CST,Thu 11:28AM CST
669,CES2996,A320,Kunming Changshui Int'l (KMG / ZPPP),Thu 08:51AM CST,Thu 11:17AM CST
670,DKH1853,A20N,Qingdao Liuting Int'l (TAO / ZSQD),Thu 09:58AM CST,Thu 11:13AM CST
671,CSZ9821,B738,Guangzhou Baiyun Int'l (CAN / ZGGG),Thu 09:02AM CST,Thu 11:11AM CST
672,CES2862,A321,Beijing Daxing International Airport (PKX / ZBAD),Thu 09:17AM CST,Thu 11:06AM CST
673,DKH1908,A321,Harbin Taiping Int'l (HRB / ZYHB),Thu 07:30AM CST,Thu 10:15AM CST
674,CSZ8506,A320,Quanzhou Jinjiang (JJN / ZSQZ),Thu 08:44AM CST,Thu 10:13AM CST
675,CSZ8205,A320,Xi'an Xianyang Int'l (XIY / ZLXY),Thu 07:47AM CST,Thu 09:27AM CST
676,CSZ9801,B738,Shenzhen Bao'an Int'l (SZX / ZGSZ),Thu 07:24AM CST,Thu 09:23AM CST
677,CES2933,A320,Dalian Zhoushuizi Int'l (DLC / ZYTL),Thu 07:46AM CST,Thu 09:21AM CST
678,JYH1023,B738,Guangzhou Baiyun Int'l (CAN / ZGGG),Thu 06:59AM CST,Thu 08:56AM CST
679,CSZ9157,B738,Beijing Capital Int'l (PEK / ZBAA),Thu 06:32AM CST,Thu 08:10AM CST
680,CSC8949,A321,Chongqing Jiangbei Int'l (CKG / ZUCK),Thu 06:15AM CST,Thu 08:00AM CST
681,CES2978,A321,Shenzhen Bao'an Int'l (SZX / ZGSZ),Thu 01:32AM CST,Thu 03:33AM CST
682,CSS6945,B763,Beijing Capital Int'l (PEK / ZBAA),Thu 12:40AM CST,Thu 02:10AM CST
683,CES2908,A321,Guangzhou Baiyun Int'l (CAN / ZGGG),Wed 11:12PM CST,Thu 01:02AM CST
684,CES2966,A321,Changsha Huanghua Int'l (CSX / ZGHA),Wed 11:46PM CST,Thu 12:50AM CST
685,CES2908,A321,Guangzhou Baiyun Int'l (CAN / ZGGG),Wed 11:12PM CST,Thu 01:02AM CST
686,CES2966,A321,Changsha Huanghua Int'l (CSX / ZGHA),Wed 11:46PM CST,Thu 12:50AM CST
687,CSZ9817,B738,Shenzhen Bao'an Int'l (SZX / ZGSZ),Wed 10:24PM CST,Thu 12:22AM CST
688,CSZ9831,B738,Guangzhou Baiyun Int'l (CAN / ZGGG),Wed 10:31PM CST,Thu 12:13AM CST
689,CES2968,A320,Xi'an Xianyang Int'l (XIY / ZLXY),Wed 10:13PM CST,Wed 11:55PM CST
690,DKH1858,A321,Qingdao Liuting Int'l (TAO / ZSQD),Wed 10:26PM CST,Wed 11:36PM CST
691,CSZ9815,B738,Shenzhen Bao'an Int'l (SZX / ZGSZ),Wed 09:30PM CST,Wed 11:32PM CST
692,OTC7234,A320,Lijiang (LJG / ZPLJ),Wed 08:52PM CST,Wed 11:06PM CST
693,CES2988,A320,Chongqing Jiangbei Int'l (CKG / ZUCK),Wed 09:19PM CST,Wed 10:55PM CST
694,DKH1852,A321,Nanning Wuxu Int'l (NNG / ZGNN),Wed 08:33PM CST,Wed 10:42PM CST
695,CES2998,A320,Yinchuan Helanshan (INC / ZLIC),Wed 08:20PM CST,Wed 10:31PM CST
696,CSZ8520,B738,Shubuling (LYI / ZSLY),Wed 09:26PM CST,Wed 10:20PM CST
697,CSZ9813,B738,Shenzhen Bao'an Int'l (SZX / ZGSZ),Wed 08:16PM CST,Wed 10:15PM CST
698,CES2950,A320,Beijing Capital Int'l (PEK / ZBAA),Wed 08:32PM CST,Wed 10:11PM CST
699,CES9780,A320,Shenyang Taoxian Int'l (SHE / ZYTX),Wed 07:44PM CST,Wed 09:50PM CST
700,CES2986,A320,Kunming Changshui Int'l (KMG / ZPPP),Wed 07:26PM CST,Wed 09:44PM CST
701,CSC8761,A320,Kunming Changshui Int'l (KMG / ZPPP),Wed 07:00PM CST,Wed 09:27PM CST
702,RLH6556,B733,Shenyang Taoxian Int'l (SHE / ZYTX),Wed 07:04PM CST,Wed 09:19PM CST
703,CSZ9285,B738,Xi'an Xianyang Int'l (XIY / ZLXY),Wed 07:25PM CST,Wed 09:06PM CST
704,CSZ8518,B738,Chongqing Jiangbei Int'l (CKG / ZUCK),Wed 07:15PM CST,Wed 09:03PM CST
705,CES2718,A320,Xiamen Gaoqi Int'l (XMN / ZSAM),Wed 07:24PM CST,Wed 08:50PM CST
706,EPA6218,B738,Changchun Longjia Int'l (CGQ / ZYCC),Wed 06:08PM CST,Wed 08:46PM CST
707,CES9786,A320,Chongqing Jiangbei Int'l (CKG / ZUCK),Wed 06:37PM CST,Wed 08:29PM CST
708,CSN3209,A330,Shenzhen Bao'an Int'l (SZX / ZGSZ),Wed 06:01PM CST,Wed 08:20PM CST
709,CSC8625,A330,Chengdu Shuangliu Int'l (CTU / ZUUU),Wed 05:48PM CST,Wed 08:04PM CST
710,CES2918,A321,Guangzhou Baiyun Int'l (CAN / ZGGG),Wed 05:58PM CST,Wed 08:02PM CST
711,DKH1907,A321,Huizhou Pingtan Airport (HUZ / ZGHZ),Wed 05:56PM CST,Wed 07:58PM CST
712,RLH6555,B733,Kunming Changshui Int'l (KMG / ZPPP),Wed 05:21PM CST,Wed 07:47PM CST
713,CSZ8161,A320,Yuncheng (YCU / ZBYC),Wed 06:06PM CST,Wed 07:46PM CST
714,DKH1854,A320,Sanya Phoenix Int'l (SYX / ZJSY),Wed 04:39PM CST,Wed 07:38PM CST
715,OTC7148,A321,Changchun Longjia Int'l (CGQ / ZYCC),Wed 04:53PM CST,Wed 07:33PM CST
716,CSZ9811,B738,Shenzhen Bao'an Int'l (SZX / ZGSZ),Wed 05:30PM CST,Wed 07:32PM CST
717,JYH1072,B738,Shenyang Taoxian Int'l (SHE / ZYTX),Wed 05:17PM CST,Wed 07:26PM CST
718,CSN3917,A21N,Guangzhou Baiyun Int'l (CAN / ZGGG),Wed 05:40PM CST,Wed 07:26PM CST
719,CSZ8524,A320,Guiyang Longdongbao (KWE / ZUGY),Wed 05:12PM CST,Wed 07:10PM CST
720,CES2738,A321,Xi'an Xianyang Int'l (XIY / ZLXY),Wed 05:26PM CST,Wed 07:07PM CST
721,CXA8537,B737,Fuzhou Changle Int'l (FOC / ZSFZ),Wed 05:50PM CST,Wed 07:05PM CST
722,CXA8537,B737,Fuzhou Changle Int'l (FOC / ZSFZ),Wed 05:50PM CST,Wed 07:05PM CST
723,CES2980,A321,Xiamen Gaoqi Int'l (XMN / ZSAM),Wed 04:53PM CST,Wed 06:22PM CST
724,OTC7251,A320,Changsha Huanghua Int'l (CSX / ZGHA),Wed 04:45PM CST,Wed 06:15PM CST
725,CSZ8542,B738,Yichang (YIH / ZHYC),Wed 04:56PM CST,Wed 06:11PM CST
726,DKH1848,A20N,Changsha Huanghua Int'l (CSX / ZGHA),Wed 04:45PM CST,Wed 06:07PM CST
727,CSZ9809,B738,Shenzhen Bao'an Int'l (SZX / ZGSZ),Wed 03:37PM CST,Wed 05:39PM CST
728,CES2702,A321,Qingdao Liuting Int'l (TAO / ZSQD),Wed 04:19PM CST,Wed 05:30PM CST
729,CES2850,A320,Zunyi (ZYI / ZUZY),Wed 03:50PM CST,Wed 05:24PM CST
730,CSZ9829,B738,Guangzhou Baiyun Int'l (CAN / ZGGG),Wed 03:28PM CST,Wed 05:17PM CST
731,CES2934,A320,Zhanjiang (ZHA / ZGZJ),Wed 02:28PM CST,Wed 04:32PM CST
732,CSZ9825,B738,Guangzhou Baiyun Int'l (CAN / ZGGG),Wed 02:20PM CST,Wed 04:06PM CST
733,CES9778,A320,Sanya Phoenix Int'l (SYX / ZJSY),Wed 12:49PM CST,Wed 03:54PM CST
734,CDC8739,A320,Dalian Zhoushuizi Int'l (DLC / ZYTL),Wed 01:54PM CST,Wed 03:45PM CST
735,CSZ9159,B738,Beijing Capital Int'l (PEK / ZBAA),Wed 01:56PM CST,Wed 03:41PM CST
736,CES2712,A320,Xiamen Gaoqi Int'l (XMN / ZSAM),Wed 01:57PM CST,Wed 03:28PM CST
737,CES2976,A320,Kunming Changshui Int'l (KMG / ZPPP),Wed 12:55PM CST,Wed 03:22PM CST
738,CSZ8917,A320,Huizhou Pingtan Airport (HUZ / ZGHZ),Wed 01:09PM CST,Wed 03:10PM CST
739,CSZ9807,B738,Shenzhen Bao'an Int'l (SZX / ZGSZ),Wed 01:00PM CST,Wed 03:05PM CST
740,CSZ9807,B738,Shenzhen Bao'an Int'l (SZX / ZGSZ),Wed 01:00PM CST,Wed 03:05PM CST
741,RYL368,A320,Manila Int'l (MNL / RPLL),Wed 11:56AM PST,Wed 02:58PM CST
742,QDA6131,A320,Penglai International (YNT / ZSYT),Wed 01:40PM CST,Wed 02:53PM CST
743,OTC7210,A320,Quanzhou Jinjiang (JJN / ZSQZ),Wed 01:22PM CST,Wed 02:37PM CST
744,CES2906,A321,Chengdu Shuangliu Int'l (CTU / ZUUU),Wed 12:16PM CST,Wed 02:20PM CST
745,DKH1846,A321,Chongqing Jiangbei Int'l (CKG / ZUCK),Wed 12:26PM CST,Wed 02:16PM CST
746,CSZ9540,B738,Taiyuan Wusu (TYN / ZBYN),Wed 12:15PM CST,Wed 02:04PM CST
747,CSZ9803,B738,Shenzhen Bao'an Int'l (SZX / ZGSZ),Wed 11:47AM CST,Wed 01:59PM CST
748,CSZ8516,B738,Nanning Wuxu Int'l (NNG / ZGNN),Wed 11:39AM CST,Wed 01:53PM CST
749,CSZ9530,B738,Zhuhai Int'l (ZUH / ZGSD),Wed 11:39AM CST,Wed 01:37PM CST
750,CES2768,A320,Beijing Daxing International Airport (PKX / ZBAD),Wed 11:51AM CST,Wed 01:36PM CST
751,CSZ9819,B738,Guangzhou Baiyun Int'l (CAN / ZGGG),Wed 11:25AM CST,Wed 01:17PM CST
752,EPA6217,B738,Shenzhen Bao'an Int'l (SZX / ZGSZ),Wed 11:07AM CST,Wed 01:14PM CST
753,CES2958,A320,Chongqing Jiangbei Int'l (CKG / ZUCK),Wed 11:14AM CST,Wed 01:02PM CST
754,JYH1071,B738,Guiyang Longdongbao (KWE / ZUGY),Wed 10:05AM CST,Wed 12:40PM CST
755,CES2732,A321,Beijing Capital Int'l (PEK / ZBAA),Wed 10:46AM CST,Wed 12:31PM CST
756,CDC8035,A320,Guiyang Longdongbao (KWE / ZUGY),Wed 10:18AM CST,Wed 12:28PM CST
757,CES2956,A321,Xi'an Xianyang Int'l (XIY / ZLXY),Wed 10:37AM CST,Wed 12:24PM CST
758,CSZ9823,B738,Guangzhou Baiyun Int'l (CAN / ZGGG),Wed 10:16AM CST,Wed 12:04PM CST
759,OTC7147,A321,Kunming Changshui Int'l (KMG / ZPPP),Wed 09:40AM CST,Wed 11:59AM CST
760,DKH1862,A321,Fuzhou Changle Int'l (FOC / ZSFZ),Wed 10:36AM CST,Wed 11:50AM CST
761,CSZ9546,A320,Chengdu Shuangliu Int'l (CTU / ZUUU),Wed 09:40AM CST,Wed 11:45AM CST
762,CSZ8124,B738,Changsha Huanghua Int'l (CSX / ZGHA),Wed 10:05AM CST,Wed 11:26AM CST
763,CES2996,A320,Kunming Changshui Int'l (KMG / ZPPP),Wed 08:54AM CST,Wed 11:11AM CST
764,CES2930,A320,Shenyang Taoxian Int'l (SHE / ZYTX),Wed 10:58AM CST,01:10PM CST (?)
765,DKH1853,A320,Qingdao Liuting Int'l (TAO / ZSQD),Wed 09:51AM CST,Wed 10:56AM CST
766,CSZ9805,B738,Shenzhen Bao'an Int'l (SZX / ZGSZ),Wed 08:47AM CST,Wed 10:53AM CST
767,CSZ9821,B738,Guangzhou Baiyun Int'l (CAN / ZGGG),Wed 08:59AM CST,Wed 10:48AM CST
768,CES2862,A321,Beijing Daxing International Airport (PKX / ZBAD),Wed 09:13AM CST,Wed 10:44AM CST
769,DKH1908,A321,Harbin Taiping Int'l (HRB / ZYHB),Wed 07:21AM CST,Wed 10:11AM CST
770,CSZ8506,A320,Quanzhou Jinjiang (JJN / ZSQZ),Wed 08:19AM CST,Wed 09:40AM CST
771,CSZ9801,B738,Shenzhen Bao'an Int'l (SZX / ZGSZ),Wed 07:20AM CST,Wed 09:30AM CST
772,CES2933,A320,Dalian Zhoushuizi Int'l (DLC / ZYTL),Wed 07:47AM CST,Wed 09:27AM CST
773,CSZ9287,A320,Xi'an Xianyang Int'l (XIY / ZLXY),Wed 07:38AM CST,Wed 09:22AM CST
774,JYH1023,B738,Guangzhou Baiyun Int'l (CAN / ZGGG),Wed 07:11AM CST,Wed 09:08AM CST
775,CSZ9157,B738,Beijing Capital Int'l (PEK / ZBAA),Wed 06:44AM CST,Wed 08:31AM CST
776,CSC8949,A321,Chongqing Jiangbei Int'l (CKG / ZUCK),Wed 06:10AM CST,Wed 07:55AM CST
777,CSC8949,A321,Chongqing Jiangbei Int'l (CKG / ZUCK),Wed 06:10AM CST,Wed 07:55AM CST
778,CSS6945,B763,Beijing Capital Int'l (PEK / ZBAA),Wed 12:28AM CST,Wed 02:03AM CST
779,CES2968,A320,Xi'an Xianyang Int'l (XIY / ZLXY),Wed 12:16AM CST,Wed 01:49AM CST
780,CES2978,A321,Shenzhen Bao'an Int'l (SZX / ZGSZ),Tue 11:28PM CST,Wed 01:21AM CST
781,CES2908,A321,Guangzhou Baiyun Int'l (CAN / ZGGG),Tue 11:10PM CST,Wed 12:56AM CST
782,CES2966,A321,Changsha Huanghua Int'l (CSX / ZGHA),Tue 11:42PM CST,Wed 12:49AM CST
783,CES2986,A320,Kunming Changshui Int'l (KMG / ZPPP),Tue 10:14PM CST,Wed 12:29AM CST
784,CSZ9817,B738,Shenzhen Bao'an Int'l (SZX / ZGSZ),Tue 10:19PM CST,Wed 12:22AM CST
785,CSZ9831,B738,Guangzhou Baiyun Int'l (CAN / ZGGG),Tue 10:25PM CST,Wed 12:05AM CST
786,CES2988,A320,Chongqing Jiangbei Int'l (CKG / ZUCK),Tue 10:20PM CST,Tue 11:57PM CST
787,DKH1858,A321,Qingdao Liuting Int'l (TAO / ZSQD),Tue 09:55PM CST,Tue 11:01PM CST
788,CES2950,A320,Beijing Capital Int'l (PEK / ZBAA),Tue 09:18PM CST,Tue 10:57PM CST
789,DKH1852,A321,Nanning Wuxu Int'l (NNG / ZGNN),Tue 08:37PM CST,Tue 10:49PM CST
790,RLH6542,B733,Harbin Taiping Int'l (HRB / ZYHB),Tue 08:03PM CST,Tue 10:45PM CST
791,CES2998,A320,Yinchuan Helanshan (INC / ZLIC),Tue 08:31PM CST,Tue 10:40PM CST
792,CSZ8520,B738,Shubuling (LYI / ZSLY),Tue 09:35PM CST,Tue 10:26PM CST
793,CSZ9813,B738,Shenzhen Bao'an Int'l (SZX / ZGSZ),Tue 08:13PM CST,Tue 10:09PM CST
794,CSZ9544,B738,Chengdu Shuangliu Int'l (CTU / ZUUU),Tue 07:49PM CST,Tue 09:55PM CST
795,CES9780,A320,Shenyang Taoxian Int'l (SHE / ZYTX),Tue 07:34PM CST,Tue 09:38PM CST
796,CSZ8518,B738,Chongqing Jiangbei Int'l (CKG / ZUCK),Tue 07:50PM CST,Tue 09:32PM CST
797,CSC8761,A320,Kunming Changshui Int'l (KMG / ZPPP),Tue 07:02PM CST,Tue 09:21PM CST
798,CSZ9285,B738,Xi'an Xianyang Int'l (XIY / ZLXY),Tue 07:36PM CST,Tue 09:14PM CST
799,CES9786,A320,Chongqing Jiangbei Int'l (CKG / ZUCK),Tue 07:21PM CST,Tue 09:04PM CST
800,DKH1854,A320,Sanya Phoenix Int'l (SYX / ZJSY),Tue 05:59PM CST,Tue 08:56PM CST
801,OTC7148,A321,Changchun Longjia Int'l (CGQ / ZYCC),Tue 06:19PM CST,Tue 08:50PM CST
802,CES2718,A320,Xiamen Gaoqi Int'l (XMN / ZSAM),Tue 07:27PM CST,Tue 08:41PM CST
803,EPA6218,B738,Changchun Longjia Int'l (CGQ / ZYCC),Tue 06:02PM CST,Tue 08:26PM CST
804,CES2738,A321,Xi'an Xianyang Int'l (XIY / ZLXY),Tue 06:40PM CST,Tue 08:21PM CST
805,CSZ8524,A320,Guiyang Longdongbao (KWE / ZUGY),Tue 06:23PM CST,Tue 08:17PM CST
806,CSN3209,A330,Shenzhen Bao'an Int'l (SZX / ZGSZ),Tue 06:18PM CST,Tue 08:06PM CST
807,CES2918,A321,Guangzhou Baiyun Int'l (CAN / ZGGG),Tue 06:10PM CST,Tue 07:58PM CST
808,CSZ8161,A320,Yuncheng (YCU / ZBYC),Tue 06:09PM CST,Tue 07:50PM CST
809,DKH1907,A321,Huizhou Pingtan Airport (HUZ / ZGHZ),Tue 06:00PM CST,Tue 07:46PM CST
810,CSZ8508,A320,Quanzhou Jinjiang (JJN / ZSQZ),Tue 06:02PM CST,Tue 07:31PM CST
811,CSZ9811,B738,Shenzhen Bao'an Int'l (SZX / ZGSZ),Tue 05:23PM CST,Tue 07:26PM CST
812,CSN3917,A21N,Guangzhou Baiyun Int'l (CAN / ZGGG),Tue 05:34PM CST,Tue 07:24PM CST
813,CES2850,A320,Zunyi (ZYI / ZUZY),Tue 04:06PM CST,Tue 07:20PM CST
814,CXA8537,B738,Fuzhou Changle Int'l (FOC / ZSFZ),Tue 06:09PM CST,Tue 07:20PM CST
815,DKH1848,A20N,Changsha Huanghua Int'l (CSX / ZGHA),Tue 05:54PM CST,Tue 07:11PM CST
816,JYH1072,B738,Shenyang Taoxian Int'l (SHE / ZYTX),Tue 05:08PM CST,Tue 07:06PM CST
817,JYH1089,B738,Guiyang Longdongbao (KWE / ZUGY),Tue 04:00PM CST,Tue 06:19PM CST
818,CES2980,A321,Xiamen Gaoqi Int'l (XMN / ZSAM),Tue 04:54PM CST,Tue 06:17PM CST
819,OTC7251,A320,Changsha Huanghua Int'l (CSX / ZGHA),Tue 04:59PM CST,Tue 06:11PM CST
820,CES2906,A321,Chengdu Shuangliu Int'l (CTU / ZUUU),Tue 03:34PM CST,Tue 05:41PM CST
821,CES2976,A320,Kunming Changshui Int'l (KMG / ZPPP),Tue 03:14PM CST,Tue 05:35PM CST
822,CES2702,A321,Qingdao Liuting Int'l (TAO / ZSQD),Tue 04:25PM CST,Tue 05:30PM CST
823,CSZ9809,B738,Shenzhen Bao'an Int'l (SZX / ZGSZ),Tue 03:15PM CST,Tue 05:16PM CST
824,CSZ9829,B738,Guangzhou Baiyun Int'l (CAN / ZGGG),Tue 03:23PM CST,Tue 05:09PM CST
825,DKH1846,A321,Chongqing Jiangbei Int'l (CKG / ZUCK),Tue 03:28PM CST,Tue 05:06PM CST
826,CES2934,A320,Zhanjiang (ZHA / ZGZJ),Tue 02:46PM CST,Tue 05:02PM CST
827,CES2958,A320,Chongqing Jiangbei Int'l (CKG / ZUCK),Tue 03:00PM CST,Tue 04:45PM CST
828,CDC8035,A320,Guiyang Longdongbao (KWE / ZUGY),Tue 01:55PM CST,Tue 04:04PM CST
829,CSZ9825,B738,Guangzhou Baiyun Int'l (CAN / ZGGG),Tue 02:07PM CST,Tue 03:57PM CST
830,CSZ9159,B738,Beijing Capital Int'l (PEK / ZBAA),Tue 01:59PM CST,Tue 03:34PM CST
831,CDC8739,A320,Dalian Zhoushuizi Int'l (DLC / ZYTL),Tue 01:53PM CST,Tue 03:28PM CST
832,OTC7147,A321,Kunming Changshui Int'l (KMG / ZPPP),Tue 12:54PM CST,Tue 03:19PM CST
833,CSZ9807,B738,Shenzhen Bao'an Int'l (SZX / ZGSZ),Tue 12:54PM CST,Tue 02:53PM CST
834,RLH6541,B733,Kunming Changshui Int'l (KMG / ZPPP),Tue 12:08PM CST,Tue 02:30PM CST
835,CSZ8917,A320,Huizhou Pingtan Airport (HUZ / ZGHZ),Tue 12:37PM CST,Tue 02:21PM CST
836,CES2930,A320,Shenyang Taoxian Int'l (SHE / ZYTX),Tue 12:17PM CST,Tue 02:18PM CST
837,JYH1046,B738,Dalian Zhoushuizi Int'l (DLC / ZYTL),Tue 12:37PM CST,Tue 02:08PM CST
838,CES2712,A320,Xiamen Gaoqi Int'l (XMN / ZSAM),Tue 12:37PM CST,Tue 01:59PM CST
839,CSZ9546,A320,Chengdu Shuangliu Int'l (CTU / ZUUU),Tue 11:40AM CST,Tue 01:52PM CST
840,CSZ9803,B738,Shenzhen Bao'an Int'l (SZX / ZGSZ),Tue 11:42AM CST,Tue 01:43PM CST
841,CSZ9530,B738,Zhuhai Int'l (ZUH / ZGSD),Tue 11:39AM CST,Tue 01:40PM CST
842,CSZ8124,B738,Changsha Huanghua Int'l (CSX / ZGHA),Tue 12:12PM CST,Tue 01:35PM CST
843,CES2768,A320,Beijing Daxing International Airport (PKX / ZBAD),Tue 11:59AM CST,Tue 01:29PM CST
844,EPA6217,B738,Shenzhen Bao'an Int'l (SZX / ZGSZ),Tue 11:15AM CST,Tue 01:27PM CST
845,JYH1071,B738,Guiyang Longdongbao (KWE / ZUGY),Tue 10:05AM CST,Tue 01:04PM CST
846,CSZ9819,B738,Guangzhou Baiyun Int'l (CAN / ZGGG),Tue 11:14AM CST,Tue 01:01PM CST
847,CES2734,A320,Zhuhai Int'l (ZUH / ZGSD),Tue 01:00PM CST,03:02PM CST (?)
848,CES2996,A320,Kunming Changshui Int'l (KMG / ZPPP),Tue 10:32AM CST,Tue 12:53PM CST
849,CES2956,A321,Xi'an Xianyang Int'l (XIY / ZLXY),Tue 10:43AM CST,Tue 12:25PM CST
850,CES2732,A321,Beijing Capital Int'l (PEK / ZBAA),Tue 10:39AM CST,Tue 12:17PM CST
851,CSZ9823,B738,Guangzhou Baiyun Int'l (CAN / ZGGG),Tue 10:12AM CST,Tue 11:57AM CST
852,DKH1862,A321,Fuzhou Changle Int'l (FOC / ZSFZ),Tue 10:21AM CST,Tue 11:31AM CST
853,CSC8623,A330,Chengdu Shuangliu Int'l (CTU / ZUUU),Tue 08:56AM CST,Tue 11:12AM CST
854,CSZ9805,B738,Shenzhen Bao'an Int'l (SZX / ZGSZ),Tue 09:10AM CST,Tue 11:08AM CST
855,DKH1853,A320,Qingdao Liuting Int'l (TAO / ZSQD),Tue 09:44AM CST,Tue 10:47AM CST
856,CSZ9821,B738,Guangzhou Baiyun Int'l (CAN / ZGGG),Tue 09:00AM CST,Tue 10:44AM CST
857,CES2862,A321,Beijing Daxing International Airport (PKX / ZBAD),Tue 09:08AM CST,Tue 10:36AM CST
858,CSZ8506,A320,Quanzhou Jinjiang (JJN / ZSQZ),Tue 08:53AM CST,Tue 10:10AM CST
859,DKH1908,A321,Harbin Taiping Int'l (HRB / ZYHB),Tue 07:33AM CST,Tue 10:06AM CST
860,CSZ9801,B738,Shenzhen Bao'an Int'l (SZX / ZGSZ),Tue 07:51AM CST,Tue 09:54AM CST
861,CSZ8205,A320,Xi'an Xianyang Int'l (XIY / ZLXY),Tue 07:50AM CST,Tue 09:38AM CST
862,JYH1023,B738,Guangzhou Baiyun Int'l (CAN / ZGGG),Tue 06:57AM CST,Tue 08:57AM CST
863,CES2933,A320,Dalian Zhoushuizi Int'l (DLC / ZYTL),Tue 07:28AM CST,Tue 08:54AM CST
864,CSZ9157,B738,Beijing Capital Int'l (PEK / ZBAA),Tue 06:35AM CST,Tue 08:16AM CST
865,CSC8949,A321,Chongqing Jiangbei Int'l (CKG / ZUCK),Tue 06:26AM CST,Tue 08:09AM CST
866,CES2978,A321,Shenzhen Bao'an Int'l (SZX / ZGSZ),Mon 11:33PM CST,Tue 01:20AM CST
867,CES2966,A321,Changsha Huanghua Int'l (CSX / ZGHA),Mon 11:51PM CST,Tue 12:57AM CST
868,CES2908,A321,Guangzhou Baiyun Int'l (CAN / ZGGG),Mon 11:08PM CST,Tue 12:51AM CST
869,CSZ9817,B738,Shenzhen Bao'an Int'l (SZX / ZGSZ),Mon 10:33PM CST,Tue 12:33AM CST
870,CSZ9831,B738,Guangzhou Baiyun Int'l (CAN / ZGGG),Mon 10:35PM CST,Tue 12:14AM CST
871,CSZ9831,B738,Guangzhou Baiyun Int'l (CAN / ZGGG),Mon 10:35PM CST,Tue 12:14AM CST
872,CES2968,A320,Xi'an Xianyang Int'l (XIY / ZLXY),Mon 10:07PM CST,Mon 11:46PM CST
873,OTC7234,A320,Lijiang (LJG / ZPLJ),Mon 09:02PM CST,Mon 11:19PM CST
874,CSZ9815,B738,Shenzhen Bao'an Int'l (SZX / ZGSZ),Mon 09:10PM CST,Mon 11:14PM CST
875,DKH1858,A321,Qingdao Liuting Int'l (TAO / ZSQD),Mon 09:59PM CST,Mon 11:02PM CST
876,CES2998,A320,Yinchuan Helanshan (INC / ZLIC),Mon 08:58PM CST,Mon 10:54PM CST
877,CES2988,A320,Chongqing Jiangbei Int'l (CKG / ZUCK),Mon 09:08PM CST,Mon 10:44PM CST
878,DKH1852,A321,Nanning Wuxu Int'l (NNG / ZGNN),Mon 08:25PM CST,Mon 10:34PM CST
879,CSZ9813,B738,Shenzhen Bao'an Int'l (SZX / ZGSZ),Mon 08:26PM CST,Mon 10:26PM CST
880,CSZ8520,B738,Shubuling (LYI / ZSLY),Mon 09:32PM CST,Mon 10:17PM CST
881,CES2950,A320,Beijing Capital Int'l (PEK / ZBAA),Mon 08:29PM CST,Mon 10:03PM CST
882,CES9780,A320,Shenyang Taoxian Int'l (SHE / ZYTX),Mon 07:53PM CST,Mon 09:53PM CST
883,CES2986,A320,Kunming Changshui Int'l (KMG / ZPPP),Mon 07:16PM CST,Mon 09:39PM CST
884,CSC8761,A320,Kunming Changshui Int'l (KMG / ZPPP),Mon 07:08PM CST,Mon 09:24PM CST
885,CSZ9544,B738,Chengdu Shuangliu Int'l (CTU / ZUUU),Mon 07:11PM CST,Mon 09:11PM CST
886,CSZ9285,B738,Xi'an Xianyang Int'l (XIY / ZLXY),Mon 07:20PM CST,Mon 09:01PM CST
887,RLH6556,B733,Shenyang Taoxian Int'l (SHE / ZYTX),Mon 06:54PM CST,Mon 08:58PM CST
888,CSZ8518,B738,Chongqing Jiangbei Int'l (CKG / ZUCK),Mon 06:58PM CST,Mon 08:42PM CST
889,CSZ8518,B738,Chongqing Jiangbei Int'l (CKG / ZUCK),Mon 06:58PM CST,Mon 08:42PM CST
890,EPA6218,B738,Changchun Longjia Int'l (CGQ / ZYCC),Mon 05:40PM CST,Mon 08:11PM CST
891,CSN3209,A330,Shenzhen Bao'an Int'l (SZX / ZGSZ),Mon 06:04PM CST,Mon 08:06PM CST
892,DKH1907,A321,Huizhou Pingtan Airport (HUZ / ZGHZ),Mon 05:57PM CST,Mon 08:01PM CST
893,CES2918,A321,Guangzhou Baiyun Int'l (CAN / ZGGG),Mon 05:57PM CST,Mon 07:55PM CST
894,CES9786,A320,Chongqing Jiangbei Int'l (CKG / ZUCK),Mon 06:02PM CST,Mon 07:52PM CST
895,CES9795,A320,Yining (YIN / ZWYN),Mon 03:37PM CST,Mon 07:48PM CST
896,RLH6555,B733,Kunming Changshui Int'l (KMG / ZPPP),Mon 05:22PM CST,Mon 07:45PM CST
897,CSZ8161,A320,Yuncheng (YCU / ZBYC),Mon 06:06PM CST,Mon 07:41PM CST
898,DKH1854,A320,Sanya Phoenix Int'l (SYX / ZJSY),Mon 04:42PM CST,Mon 07:40PM CST
899,CSN3917,A21N,Guangzhou Baiyun Int'l (CAN / ZGGG),Mon 05:33PM CST,Mon 07:26PM CST
900,CES2718,A320,Xiamen Gaoqi Int'l (XMN / ZSAM),Mon 07:25PM CST,08:49PM CST (?)
901,CSZ9811,B738,Shenzhen Bao'an Int'l (SZX / ZGSZ),Mon 05:18PM CST,Mon 07:17PM CST
902,OTC7148,A321,Changchun Longjia Int'l (CGQ / ZYCC),Mon 04:53PM CST,Mon 07:15PM CST
903,CES2738,A321,Xi'an Xianyang Int'l (XIY / ZLXY),Mon 05:29PM CST,Mon 07:11PM CST
904,CSZ8524,A320,Guiyang Longdongbao (KWE / ZUGY),Mon 05:10PM CST,Mon 07:03PM CST
905,CXA8537,B738,Fuzhou Changle Int'l (FOC / ZSFZ),Mon 05:48PM CST,Mon 06:58PM CST
906,CSZ8542,B738,Yichang (YIH / ZHYC),Mon 05:08PM CST,Mon 06:19PM CST
907,CSZ8542,B738,Yichang (YIH / ZHYC),Mon 05:08PM CST,Mon 06:19PM CST
908,OTC7251,A320,Changsha Huanghua Int'l (CSX / ZGHA),Mon 04:57PM CST,Mon 06:15PM CST
909,CES2980,A321,Xiamen Gaoqi Int'l (XMN / ZSAM),Mon 04:43PM CST,Mon 06:06PM CST
910,DKH1848,A20N,Changsha Huanghua Int'l (CSX / ZGHA),Mon 04:42PM CST,Mon 06:03PM CST
911,CES2850,A320,Zunyi (ZYI / ZUZY),Mon 04:07PM CST,Mon 05:44PM CST
912,CSZ9809,B738,Shenzhen Bao'an Int'l (SZX / ZGSZ),Mon 03:23PM CST,Mon 05:20PM CST
913,CSZ9829,B738,Guangzhou Baiyun Int'l (CAN / ZGGG),Mon 03:25PM CST,Mon 05:11PM CST
914,CES2702,A321,Qingdao Liuting Int'l (TAO / ZSQD),Mon 04:01PM CST,Mon 05:05PM CST
915,CES2934,A320,Zhanjiang (ZHA / ZGZJ),Mon 02:28PM CST,Mon 04:25PM CST
916,CES9778,A320,Sanya Phoenix Int'l (SYX / ZJSY),Mon 12:58PM CST,Mon 04:03PM CST
917,CSZ8917,A320,Huizhou Pingtan Airport (HUZ / ZGHZ),Mon 02:06PM CST,Mon 04:01PM CST
918,CSZ9825,B738,Guangzhou Baiyun Int'l (CAN / ZGGG),Mon 02:07PM CST,Mon 03:53PM CST
919,OTC7210,A320,Quanzhou Jinjiang (JJN / ZSQZ),Mon 02:31PM CST,Mon 03:52PM CST
920,CSZ9159,B738,Beijing Capital Int'l (PEK / ZBAA),Mon 02:04PM CST,Mon 03:39PM CST
921,CDC8739,A320,Dalian Zhoushuizi Int'l (DLC / ZYTL),Mon 01:48PM CST,Mon 03:15PM CST
922,CES2976,A320,Kunming Changshui Int'l (KMG / ZPPP),Mon 12:55PM CST,Mon 03:11PM CST
923,QDA6131,A320,Penglai International (YNT / ZSYT),Mon 01:46PM CST,Mon 02:56PM CST
924,QDA6131,A320,Penglai International (YNT / ZSYT),Mon 01:46PM CST,Mon 02:56PM CST
925,CSZ9807,B738,Shenzhen Bao'an Int'l (SZX / ZGSZ),Mon 12:45PM CST,Mon 02:38PM CST
926,CES2906,A321,Chengdu Shuangliu Int'l (CTU / ZUUU),Mon 12:09PM CST,Mon 02:15PM CST
927,CES2712,A320,Xiamen Gaoqi Int'l (XMN / ZSAM),Mon 12:47PM CST,Mon 02:15PM CST
928,DKH1846,A321,Chongqing Jiangbei Int'l (CKG / ZUCK),Mon 12:21PM CST,Mon 02:03PM CST
929,JYH1046,B738,Dalian Zhoushuizi Int'l (DLC / ZYTL),Mon 12:26PM CST,Mon 01:54PM CST
930,CSZ8516,B738,Nanning Wuxu Int'l (NNG / ZGNN),Mon 11:30AM CST,Mon 01:42PM CST
931,CSZ9540,B738,Taiyuan Wusu (TYN / ZBYN),Mon 11:59AM CST,Mon 01:38PM CST
932,CSZ9530,B738,Zhuhai Int'l (ZUH / ZGSD),Mon 11:25AM CST,Mon 01:28PM CST
933,CES2768,A320,Beijing Daxing International Airport (PKX / ZBAD),Mon 11:48AM CST,Mon 01:22PM CST
934,CSZ9819,B738,Guangzhou Baiyun Int'l (CAN / ZGGG),Mon 11:30AM CST,Mon 01:18PM CST
935,CES2958,A320,Chongqing Jiangbei Int'l (CKG / ZUCK),Mon 11:18AM CST,Mon 01:05PM CST
936,CSZ9803,B738,Shenzhen Bao'an Int'l (SZX / ZGSZ),Mon 11:04AM CST,Mon 01:02PM CST
937,CES2930,A320,Shenyang Taoxian Int'l (SHE / ZYTX),Mon 10:53AM CST,Mon 01:00PM CST
938,EPA6217,B738,Shenzhen Bao'an Int'l (SZX / ZGSZ),Mon 10:28AM CST,Mon 12:29PM CST
939,CES2732,A321,Beijing Capital Int'l (PEK / ZBAA),Mon 10:46AM CST,Mon 12:27PM CST
940,CES2956,A321,Xi'an Xianyang Int'l (XIY / ZLXY),Mon 10:41AM CST,Mon 12:23PM CST
941,CDC8035,A320,Guiyang Longdongbao (KWE / ZUGY),Mon 10:18AM CST,Mon 12:19PM CST
942,CDC8035,A320,Guiyang Longdongbao (KWE / ZUGY),Mon 10:18AM CST,Mon 12:19PM CST
943,OTC7147,A321,Kunming Changshui Int'l (KMG / ZPPP),Mon 09:43AM CST,Mon 11:59AM CST
944,CSZ9823,B738,Guangzhou Baiyun Int'l (CAN / ZGGG),Mon 10:10AM CST,Mon 11:57AM CST
945,DKH1862,A321,Fuzhou Changle Int'l (FOC / ZSFZ),Mon 10:30AM CST,Mon 11:41AM CST
946,CSZ9546,A320,Chengdu Shuangliu Int'l (CTU / ZUUU),Mon 09:39AM CST,Mon 11:36AM CST
947,CES2996,A320,Kunming Changshui Int'l (KMG / ZPPP),Mon 09:17AM CST,Mon 11:30AM CST
948,CSZ8124,B738,Changsha Huanghua Int'l (CSX / ZGHA),Mon 09:51AM CST,Mon 11:14AM CST
949,CSZ9805,B738,Shenzhen Bao'an Int'l (SZX / ZGSZ),Mon 08:51AM CST,Mon 10:52AM CST
950,DKH1853,A320,Qingdao Liuting Int'l (TAO / ZSQD),Mon 09:48AM CST,Mon 10:52AM CST
951,CSZ9821,B738,Guangzhou Baiyun Int'l (CAN / ZGGG),Mon 08:57AM CST,Mon 10:47AM CST
952,CES2862,A321,Beijing Daxing International Airport (PKX / ZBAD),Mon 09:04AM CST,Mon 10:36AM CST
953,CSZ8506,A320,Quanzhou Jinjiang (JJN / ZSQZ),Mon 08:52AM CST,Mon 10:24AM CST
954,DKH1908,A321,Harbin Taiping Int'l (HRB / ZYHB),Mon 07:26AM CST,Mon 09:58AM CST
955,CSZ9287,A320,Xi'an Xianyang Int'l (XIY / ZLXY),Mon 07:38AM CST,Mon 09:22AM CST
956,CES2933,A320,Dalian Zhoushuizi Int'l (DLC / ZYTL),Mon 07:47AM CST,Mon 09:17AM CST
957,CSZ9801,B738,Shenzhen Bao'an Int'l (SZX / ZGSZ),Mon 07:11AM CST,Mon 09:13AM CST
958,CSZ9157,B738,Beijing Capital Int'l (PEK / ZBAA),Mon 07:10AM CST,Mon 08:45AM CST
959,JYH1023,B738,Guangzhou Baiyun Int'l (CAN / ZGGG),Mon 06:49AM CST,Mon 08:40AM CST
960,JYH1023,B738,Guangzhou Baiyun Int'l (CAN / ZGGG),Mon 06:49AM CST,Mon 08:40AM CST
961,CSZ8205,A320,Xi'an Xianyang Int'l (XIY / ZLXY),Mon 06:54AM CST,Mon 08:32AM CST
962,CSC8949,A321,Chongqing Jiangbei Int'l (CKG / ZUCK),Mon 06:19AM CST,Mon 08:02AM CST
963,CES2978,A321,Shenzhen Bao'an Int'l (SZX / ZGSZ),Sun 11:44PM CST,Mon 01:41AM CST
964,CES2908,A321,Guangzhou Baiyun Int'l (CAN / ZGGG),Sun 11:17PM CST,Mon 12:59AM CST
965,CES2966,A321,Changsha Huanghua Int'l (CSX / ZGHA),Sun 11:47PM CST,Mon 12:50AM CST
966,CSZ9817,B738,Shenzhen Bao'an Int'l (SZX / ZGSZ),Sun 10:28PM CST,Mon 12:24AM CST
967,CSZ9831,B738,Guangzhou Baiyun Int'l (CAN / ZGGG),Sun 10:37PM CST,Mon 12:19AM CST
968,CES2968,A320,Xi'an Xianyang Int'l (XIY / ZLXY),Sun 10:15PM CST,Sun 11:48PM CST
969,DKH1858,A321,Qingdao Liuting Int'l (TAO / ZSQD),Sun 10:19PM CST,Sun 11:25PM CST
970,OTC7234,A320,Lijiang (LJG / ZPLJ),Sun 09:02PM CST,Sun 11:16PM CST
971,CSZ9815,B738,Shenzhen Bao'an Int'l (SZX / ZGSZ),Sun 09:14PM CST,Sun 11:12PM CST
972,CES2988,A320,Chongqing Jiangbei Int'l (CKG / ZUCK),Sun 09:18PM CST,Sun 11:05PM CST
973,DKH1852,A321,Nanning Wuxu Int'l (NNG / ZGNN),Sun 08:15PM CST,Sun 10:27PM CST
974,CSZ8520,B738,Shubuling (LYI / ZSLY),Sun 09:31PM CST,Sun 10:26PM CST
975,CES2998,A320,Yinchuan Helanshan (INC / ZLIC),Sun 08:20PM CST,Sun 10:18PM CST
976,CSZ9813,B738,Shenzhen Bao'an Int'l (SZX / ZGSZ),Sun 08:10PM CST,Sun 10:05PM CST
977,CES2950,A320,Beijing Capital Int'l (PEK / ZBAA),Sun 08:30PM CST,Sun 10:03PM CST
978,CES9780,A320,Shenyang Taoxian Int'l (SHE / ZYTX),Sun 07:52PM CST,Sun 09:54PM CST
979,CSZ9544,B738,Chengdu Shuangliu Int'l (CTU / ZUUU),Sun 07:28PM CST,Sun 09:33PM CST
980,CSC8761,A320,Kunming Changshui Int'l (KMG / ZPPP),Sun 06:58PM CST,Sun 09:12PM CST
981,CSZ8518,B738,Chongqing Jiangbei Int'l (CKG / ZUCK),Sun 07:18PM CST,Sun 09:10PM CST
982,CSZ9285,B738,Xi'an Xianyang Int'l (XIY / ZLXY),Sun 07:23PM CST,Sun 09:06PM CST
983,RLH6556,B733,Shenyang Taoxian Int'l (SHE / ZYTX),Sun 06:58PM CST,Sun 08:58PM CST
984,CES2718,A320,Xiamen Gaoqi Int'l (XMN / ZSAM),Sun 07:23PM CST,Sun 08:53PM CST
985,CSC8625,A320,Chengdu Shuangliu Int'l (CTU / ZUUU),Sun 06:05PM CST,Sun 08:12PM CST
986,EPA6218,B738,Changchun Longjia Int'l (CGQ / ZYCC),Sun 05:33PM CST,Sun 08:10PM CST
987,CSN3209,A330,Shenzhen Bao'an Int'l (SZX / ZGSZ),Sun 06:01PM CST,Sun 08:04PM CST
988,CES2986,A320,Kunming Changshui Int'l (KMG / ZPPP),Sun 08:03PM CST,10:18PM CST (?)
989,CES9786,A320,Chongqing Jiangbei Int'l (CKG / ZUCK),Sun 06:10PM CST,Sun 07:55PM CST
990,DKH1907,A321,Huizhou Pingtan Airport (HUZ / ZGHZ),Sun 06:04PM CST,Sun 07:53PM CST
991,CES2918,A321,Guangzhou Baiyun Int'l (CAN / ZGGG),Sun 06:04PM CST,Sun 07:50PM CST
992,CSZ8161,A320,Yuncheng (YCU / ZBYC),Sun 06:11PM CST,Sun 07:47PM CST
993,DKH1854,A320,Sanya Phoenix Int'l (SYX / ZJSY),Sun 04:44PM CST,Sun 07:38PM CST
994,RLH6555,B733,Kunming Changshui Int'l (KMG / ZPPP),Sun 05:15PM CST,Sun 07:34PM CST
995,CSZ8508,A320,Quanzhou Jinjiang (JJN / ZSQZ),Sun 05:56PM CST,Sun 07:30PM CST
996,CSZ9811,B738,Shenzhen Bao'an Int'l (SZX / ZGSZ),Sun 05:23PM CST,Sun 07:30PM CST
997,CSZ9811,B738,Shenzhen Bao'an Int'l (SZX / ZGSZ),Sun 05:23PM CST,Sun 07:30PM CST
998,OTC7148,A321,Changchun Longjia Int'l (CGQ / ZYCC),Sun 04:57PM CST,Sun 07:24PM CST
999,CSN3917,A21N,Guangzhou Baiyun Int'l (CAN / ZGGG),Sun 05:33PM CST,Sun 07:20PM CST
1000,CSZ8524,A320,Guiyang Longdongbao (KWE / ZUGY),Sun 05:21PM CST,Sun 07:13PM CST
1001,CES2738,A321,Xi'an Xianyang Int'l (XIY / ZLXY),Sun 05:27PM CST,Sun 07:07PM CST
1002,CXA8537,B737,Fuzhou Changle Int'l (FOC / ZSFZ),Sun 05:53PM CST,Sun 07:05PM CST
1003,OTC7251,A320,Changsha Huanghua Int'l (CSX / ZGHA),Sun 05:11PM CST,Sun 06:24PM CST
1004,CSZ8542,B738,Yichang (YIH / ZHYC),Sun 05:07PM CST,Sun 06:19PM CST
1005,DKH1848,A20N,Changsha Huanghua Int'l (CSX / ZGHA),Sun 04:54PM CST,Sun 06:14PM CST
1006,CES2980,A321,Xiamen Gaoqi Int'l (XMN / ZSAM),Sun 04:46PM CST,Sun 06:08PM CST
1007,CES2850,A320,Zunyi (ZYI / ZUZY),Sun 04:16PM CST,Sun 06:00PM CST
1008,CSZ9829,B738,Guangzhou Baiyun Int'l (CAN / ZGGG),Sun 03:48PM CST,Sun 05:30PM CST
1009,CSZ9809,B738,Shenzhen Bao'an Int'l (SZX / ZGSZ),Sun 03:22PM CST,Sun 05:22PM CST
1010,CES2702,A321,Qingdao Liuting Int'l (TAO / ZSQD),Sun 04:06PM CST,Sun 05:10PM CST
1011,CES2934,A320,Zhanjiang (ZHA / ZGZJ),Sun 02:32PM CST,Sun 04:42PM CST
1012,CSZ9825,B738,Guangzhou Baiyun Int'l (CAN / ZGGG),Sun 02:20PM CST,Sun 04:07PM CST
1013,CES9778,A320,Sanya Phoenix Int'l (SYX / ZJSY),Sun 01:21PM CST,Sun 04:03PM CST
1014,QDA6131,A320,Penglai International (YNT / ZSYT),Sun 01:20PM CST,Sun 03:37PM CST
1015,CSZ9159,B738,Beijing Capital Int'l (PEK / ZBAA),Sun 01:52PM CST,Sun 03:30PM CST
1016,CES2976,A320,Kunming Changshui Int'l (KMG / ZPPP),Sun 01:15PM CST,Sun 03:25PM CST
1017,CSZ8917,A320,Huizhou Pingtan Airport (HUZ / ZGHZ),Sun 01:30PM CST,Sun 03:21PM CST
1018,CSZ9807,B738,Shenzhen Bao'an Int'l (SZX / ZGSZ),Sun 12:48PM CST,Sun 02:46PM CST
1019,CES2906,A321,Chengdu Shuangliu Int'l (CTU / ZUUU),Sun 12:20PM CST,Sun 02:24PM CST
1020,CES2712,A320,Xiamen Gaoqi Int'l (XMN / ZSAM),Sun 12:56PM CST,Sun 02:17PM CST
1021,DKH1846,A321,Chongqing Jiangbei Int'l (CKG / ZUCK),Sun 12:28PM CST,Sun 02:14PM CST
1022,JYH1046,B738,Dalian Zhoushuizi Int'l (DLC / ZYTL),Sun 12:34PM CST,Sun 02:07PM CST
1023,CSZ9530,B738,Zhuhai Int'l (ZUH / ZGSD),Sun 11:26AM CST,Sun 01:26PM CST
1024,CSZ9803,B738,Shenzhen Bao'an Int'l (SZX / ZGSZ),Sun 11:08AM CST,Sun 01:20PM CST
1025,CSZ9819,B738,Guangzhou Baiyun Int'l (CAN / ZGGG),Sun 11:27AM CST,Sun 01:13PM CST
1026,CES2768,A320,Beijing Daxing International Airport (PKX / ZBAD),Sun 11:42AM CST,Sun 01:12PM CST
1027,CES2930,A320,Shenyang Taoxian Int'l (SHE / ZYTX),Sun 10:49AM CST,Sun 12:55PM CST
1028,CES2958,A320,Chongqing Jiangbei Int'l (CKG / ZUCK),Sun 11:12AM CST,Sun 12:49PM CST
1029,EPA6217,B738,Shenzhen Bao'an Int'l (SZX / ZGSZ),Sun 10:43AM CST,Sun 12:37PM CST
1030,CDC8035,A320,Guiyang Longdongbao (KWE / ZUGY),Sun 10:20AM CST,Sun 12:20PM CST
1031,CES2732,A321,Beijing Capital Int'l (PEK / ZBAA),Sun 10:43AM CST,Sun 12:17PM CST
1032,CES2956,A321,Xi'an Xianyang Int'l (XIY / ZLXY),Sun 10:34AM CST,Sun 12:13PM CST
1033,OTC7147,A321,Kunming Changshui Int'l (KMG / ZPPP),Sun 09:52AM CST,Sun 12:05PM CST
1034,CSZ9823,B738,Guangzhou Baiyun Int'l (CAN / ZGGG),Sun 10:13AM CST,Sun 11:54AM CST
1035,CSZ9546,A320,Chengdu Shuangliu Int'l (CTU / ZUUU),Sun 09:40AM CST,Sun 11:43AM CST
1036,CSZ8124,B738,Changsha Huanghua Int'l (CSX / ZGHA),Sun 10:13AM CST,Sun 11:33AM CST
1037,DKH1862,A321,Fuzhou Changle Int'l (FOC / ZSFZ),Sun 10:10AM CST,Sun 11:23AM CST
1038,CES2996,A320,Kunming Changshui Int'l (KMG / ZPPP),Sun 09:00AM CST,Sun 11:11AM CST
1039,DKH1853,A320,Qingdao Liuting Int'l (TAO / ZSQD),Sun 09:55AM CST,Sun 11:01AM CST
1040,CSZ9821,B738,Guangzhou Baiyun Int'l (CAN / ZGGG),Sun 09:02AM CST,Sun 10:50AM CST
1041,CSZ9805,B738,Shenzhen Bao'an Int'l (SZX / ZGSZ),Sun 08:45AM CST,Sun 10:46AM CST
1042,CES2862,A321,Beijing Daxing International Airport (PKX / ZBAD),Sun 09:04AM CST,Sun 10:34AM CST
1043,DKH1908,A321,Harbin Taiping Int'l (HRB / ZYHB),Sun 07:24AM CST,Sun 10:01AM CST
1044,CSZ8506,A320,Quanzhou Jinjiang (JJN / ZSQZ),Sun 08:17AM CST,Sun 09:46AM CST
1045,CSZ9287,A320,Xi'an Xianyang Int'l (XIY / ZLXY),Sun 07:51AM CST,Sun 09:31AM CST
1046,CSZ9801,B738,Shenzhen Bao'an Int'l (SZX / ZGSZ),Sun 07:17AM CST,Sun 09:15AM CST
1047,CES2933,A320,Dalian Zhoushuizi Int'l (DLC / ZYTL),Sun 07:41AM CST,Sun 09:13AM CST
1048,CSZ8205,A320,Xi'an Xianyang Int'l (XIY / ZLXY),Sun 06:56AM CST,Sun 08:43AM CST
1049,JYH1023,B738,Guangzhou Baiyun Int'l (CAN / ZGGG),Sun 06:50AM CST,Sun 08:36AM CST
1050,CSZ9157,B738,Beijing Capital Int'l (PEK / ZBAA),Sun 06:41AM CST,Sun 08:22AM CST
1051,CSC8949,A321,Chongqing Jiangbei Int'l (CKG / ZUCK),Sun 06:21AM CST,Sun 08:03AM CST
1052,CSC8949,A321,Chongqing Jiangbei Int'l (CKG / ZUCK),Sun 06:21AM CST,Sun 08:03AM CST
1053,CES2978,A321,Shenzhen Bao'an Int'l (SZX / ZGSZ),Sat 11:41PM CST,Sun 01:36AM CST
1054,CES2908,A321,Guangzhou Baiyun Int'l (CAN / ZGGG),Sat 11:22PM CST,Sun 01:09AM CST
1055,CES2966,A321,Changsha Huanghua Int'l (CSX / ZGHA),Sat 11:50PM CST,Sun 01:06AM CST
1056,CSZ9817,B738,Shenzhen Bao'an Int'l (SZX / ZGSZ),Sat 10:24PM CST,Sun 12:21AM CST
1057,CSZ9831,B738,Guangzhou Baiyun Int'l (CAN / ZGGG),Sat 10:34PM CST,Sun 12:18AM CST
1058,CES2968,A320,Xi'an Xianyang Int'l (XIY / ZLXY),Sat 10:18PM CST,Sun 12:00AM CST
1059,CSZ9815,B738,Shenzhen Bao'an Int'l (SZX / ZGSZ),Sat 09:15PM CST,Sat 11:11PM CST
1060,DKH1858,A321,Qingdao Liuting Int'l (TAO / ZSQD),Sat 09:58PM CST,Sat 11:06PM CST
1061,CES2988,A320,Chongqing Jiangbei Int'l (CKG / ZUCK),Sat 09:25PM CST,Sat 11:02PM CST
1062,CES2998,A320,Yinchuan Helanshan (INC / ZLIC),Sat 08:20PM CST,Sat 10:24PM CST
1063,CSZ8520,B738,Shubuling (LYI / ZSLY),Sat 09:24PM CST,Sat 10:22PM CST
1064,DKH1852,A321,Nanning Wuxu Int'l (NNG / ZGNN),Sat 08:15PM CST,Sat 10:17PM CST
1065,CSZ9813,B738,Shenzhen Bao'an Int'l (SZX / ZGSZ),Sat 08:13PM CST,Sat 10:14PM CST
1066,CES2950,A320,Beijing Capital Int'l (PEK / ZBAA),Sat 08:23PM CST,Sat 10:06PM CST
1067,CES2986,A320,Kunming Changshui Int'l (KMG / ZPPP),Sat 07:32PM CST,Sat 09:42PM CST
1068,CSZ9544,B738,Chengdu Shuangliu Int'l (CTU / ZUUU),Sat 07:24PM CST,Sat 09:21PM CST
1069,CSC8761,A320,Kunming Changshui Int'l (KMG / ZPPP),Sat 07:00PM CST,Sat 09:09PM CST
1070,CSC8761,A320,Kunming Changshui Int'l (KMG / ZPPP),Sat 07:00PM CST,Sat 09:09PM CST
1071,CSZ8518,B738,Chongqing Jiangbei Int'l (CKG / ZUCK),Sat 07:19PM CST,Sat 09:01PM CST
1072,CSZ9285,B738,Xi'an Xianyang Int'l (XIY / ZLXY),Sat 07:27PM CST,Sat 09:00PM CST
1073,CES2718,A320,Xiamen Gaoqi Int'l (XMN / ZSAM),Sat 07:09PM CST,Sat 08:30PM CST
1074,EPA6218,B738,Changchun Longjia Int'l (CGQ / ZYCC),Sat 05:40PM CST,Sat 08:07PM CST
1075,CES2918,A321,Guangzhou Baiyun Int'l (CAN / ZGGG),Sat 06:17PM CST,Sat 08:04PM CST
1076,CSN3209,A330,Shenzhen Bao'an Int'l (SZX / ZGSZ),Sat 06:00PM CST,Sat 07:52PM CST
1077,DKH1907,A321,Huizhou Pingtan Airport (HUZ / ZGHZ),Sat 05:55PM CST,Sat 07:50PM CST
1078,CSZ8161,A320,Yuncheng (YCU / ZBYC),Sat 06:05PM CST,Sat 07:47PM CST
1079,CES9780,A320,Shenyang Taoxian Int'l (SHE / ZYTX),Sat 07:46PM CST,09:49PM CST (?)
1080,CES9786,A320,Chongqing Jiangbei Int'l (CKG / ZUCK),Sat 06:01PM CST,Sat 07:41PM CST
1081,DKH1854,A320,Sanya Phoenix Int'l (SYX / ZJSY),Sat 04:46PM CST,Sat 07:40PM CST
1082,OTC7148,A321,Changchun Longjia Int'l (CGQ / ZYCC),Sat 05:05PM CST,Sat 07:38PM CST
1083,CSZ9811,B738,Shenzhen Bao'an Int'l (SZX / ZGSZ),Sat 05:29PM CST,Sat 07:33PM CST
1084,RLH6542,B733,Harbin Taiping Int'l (HRB / ZYHB),Sat 04:42PM CST,Sat 07:28PM CST
1085,CSZ8508,A320,Quanzhou Jinjiang (JJN / ZSQZ),Sat 05:57PM CST,Sat 07:24PM CST
1086,CSZ8524,A320,Guiyang Longdongbao (KWE / ZUGY),Sat 05:23PM CST,Sat 07:21PM CST
1087,CSN3917,A21N,Guangzhou Baiyun Int'l (CAN / ZGGG),Sat 05:26PM CST,Sat 07:18PM CST
1088,JYH1072,B738,Shenyang Taoxian Int'l (SHE / ZYTX),Sat 05:06PM CST,Sat 07:13PM CST
1089,CES2738,A321,Xi'an Xianyang Int'l (XIY / ZLXY),Sat 05:25PM CST,Sat 07:08PM CST
1090,CXA8537,B738,Fuzhou Changle Int'l (FOC / ZSFZ),Sat 05:48PM CST,Sat 07:04PM CST
1091,OTC7251,A320,Changsha Huanghua Int'l (CSX / ZGHA),Sat 05:14PM CST,Sat 06:29PM CST
1092,CSZ8542,B738,Yichang (YIH / ZHYC),Sat 05:04PM CST,Sat 06:22PM CST
1093,JYH1089,B738,Guiyang Longdongbao (KWE / ZUGY),Sat 04:00PM CST,Sat 06:15PM CST
1094,DKH1848,A20N,Changsha Huanghua Int'l (CSX / ZGHA),Sat 04:50PM CST,Sat 06:09PM CST
1095,CES2980,A321,Xiamen Gaoqi Int'l (XMN / ZSAM),Sat 04:47PM CST,Sat 06:06PM CST
1096,CES2850,A320,Zunyi (ZYI / ZUZY),Sat 04:01PM CST,Sat 05:42PM CST
1097,CSZ9829,B738,Guangzhou Baiyun Int'l (CAN / ZGGG),Sat 03:41PM CST,Sat 05:26PM CST
1098,CES2702,A321,Qingdao Liuting Int'l (TAO / ZSQD),Sat 04:08PM CST,Sat 05:19PM CST
1099,CSZ9809,B738,Shenzhen Bao'an Int'l (SZX / ZGSZ),Sat 03:15PM CST,Sat 05:17PM CST
1100,CES2934,A320,Zhanjiang (ZHA / ZGZJ),Sat 02:20PM CST,Sat 04:29PM CST
1101,CSZ9825,B738,Guangzhou Baiyun Int'l (CAN / ZGGG),Sat 02:39PM CST,Sat 04:26PM CST
1102,CSZ8917,A320,Huizhou Pingtan Airport (HUZ / ZGHZ),Sat 01:53PM CST,Sat 03:40PM CST
1103,CSZ9159,B738,Beijing Capital Int'l (PEK / ZBAA),Sat 01:57PM CST,Sat 03:34PM CST
1104,CDC8739,A320,Dalian Zhoushuizi Int'l (DLC / ZYTL),Sat 01:47PM CST,Sat 03:21PM CST
1105,CES2976,A320,Kunming Changshui Int'l (KMG / ZPPP),Sat 01:05PM CST,Sat 03:16PM CST
1106,CES2712,A320,Xiamen Gaoqi Int'l (XMN / ZSAM),Sat 12:33PM CST,Sat 02:03PM CST
1107,CES2712,A320,Xiamen Gaoqi Int'l (XMN / ZSAM),Sat 12:33PM CST,Sat 02:03PM CST
1108,CES2734,A320,Zhuhai Int'l (ZUH / ZGSD),Sat 01:01PM CST,03:03PM CST (?)
